"qseqid","chr","pident","length","mismatch","gapopen","qstart","qend","sstart","send","evalue","bitscore","sseq","forward_reverse","start","end","candidate","Species","IrgGroup","id","IrgName"
"Irga6_refMus","TRINITY_DN24552_c1_g7_i1",79.177,413,85,1,1,413,174,1409,0,689,"MGQLFSSPK-NEHQDLASSFTEYFKKFKTGNKIISQEIITSVELSMTKGNIHGANSAIRDALKEIDSTPLNVAVTGESGSGKSSFINALRGIGHEEKGAAKTGVVETTMERHSYKHPDMPNVVFWDLPGIGTTNFPPKTYLEKMKFYEYDFFIIISATRFKKNDIDLAKAVSRMKKEFYFVRTKVDSDLRNEEECKPRTFDREKVLQDIRLNCVRNFKENDMDEPPIFLISTRNFSDYDFPIMMDKLTSDLPVYKRHNFMLSLPNITDSAIEKKQQFLKQRIWLEAFAADLLSIIPSLTLILDSDLEILEKSMKLYRTVFGVDDKSLQRLARDWQMPMDQVEDMMKSPKVFKPTDEETVQERLSRYYEEFCLANGYLVTKNLYLREIFYLKFYFLDMVTEDSKTLLKEICLRN","F",174,1409,1,"A.agrarius","Irga2-6",1,"Irga6.1"
"Irga3_refMus","TRINITY_DN16799_c0_g1_i1",81.907,409,74,0,1,409,1800,574,0,582,"MGQLFSNTPTDEDNGNLESSFTKYFRKYKPETKIISEENIRSIELHLKKGNLQGANSVISDILKNIDNAPINIAVTGESGAGKSSLINALRAVEHNGEGAAKVGVTETTMKIDSYKHPKVKNLILWDLPGIGTMKFQPKDYLEKVEFKKYDFFIIASCTRFTKHELDLAKAIRIMKKNYYFVRTKVDFDMENEEKCHPRTFDRENTLNHIRRYYLDSFRESKIEEPQIFLISNNNLSDYDFPVLMDTLIKDLPAEKRHNFLLSLPNITEAAIQKKYNSTKQFIWLDAMKDGVLATVPVVGILKDLDVDRLKNILNRYRDLFGVDDESLVFMAKNAQVPVELLKKKLKSPYLLECKEETLGGMLLNCLEKFASANGGLLATGLYFRKTYYLQFHFLDTVAEDAKVLLKES","R",574,1800,2,"A.agrarius","Irga3",1,"Irga3.1"
"Irgb10_refMus","TRINITY_DN24072_c6_g2_i2",82.734,417,72,0,1,417,236,1486,0,690,"MGQSSSHQNAKTHDMVSSFDEFFKNFKVESKIISEETINSIQSHMQEGDIQKVICIIDAALADIEKAPLNIAVTGESGAGKSTLINALRGMGHEESGSAKTGAVETTKFREKYTHPKFPNVTIWDLPGVGTSNFKAEDYLKKVNFQEYDFFLIISATRFTEHDAQLAKAIRKMKKKFYFVRSKIDSDLWNEKKCKPKSYNREKTLERIQNDCVEKLQKAKVPSTPVFLVSSIEAAQFDFPKLESTLLTELPAQKRHIFMQCLPNITETAIDRRRDVLRQTIWLEALKAGATATIPLKSFFNDDIEELEKTLTHYRACFGIDDESLENMAREWSMSVEELKSTIKSPHLLSSEPNESVADKLVKIMEKVFAVTGGFVATGLYFRKSYYMQNYFLDTVTEDAKVLLKKRVFLQDSVDSE","F",236,1486,3,"A.agrarius","Irgb10",1,"Irgb10.1"
"Irgb10_refMus","TRINITY_DN24072_c6_g1_i5",82.974,417,71,0,1,417,2163,913,0,691,"MGQSSSHQNAKTHDMVSSFDEFFKNFKVESKIISEETINSIQSHMQEGDIQKVICIIDAALADIEKAPLNIAVTGESGAGKSTLINALRGMGHEESGSAKTGAVETTKFREKYTHPKFPNVTIWDLPGVGTSNFKAEDYLKKVNFQEYDFFLIISATRFTEHDAQLAKAIRKMKKKFYFVRSKIDSDLWNEKKCKPKSYNREKTLERIQNDCVEKLQKAKVPSTPVFLVSSIEAAQFDFPKLESTLLTELPAQKRHIFMQCLPNITETAIDRRRDVLRQTIWLEALKAGATATIPLKSFFNDDIEELEKTLTHYRACFGLDDESLENMAREWSMSVEELKSTIKSPHLLSSEPNESVADKLVKIMEKVFAVTGGFVATGLYFRKSYYMQNYFLDTVTEDAKVLLKKRVFLQDSVDSE","R",913,2163,4,"A.agrarius","Irgb10",2,"Irgb10.2"
"Irgb6*_refMus","TRINITY_DN25753_c1_g2_i5",83.333,414,69,0,1,414,1483,242,0,710,"MAWASGFDAFFKDFKRESKIISEEVIALIKSYIEKNKLQEAVSVIENALRDIESAPLNIAVTGETGTGKSTFINALRGVGQEEDSAAPTGVIETTMRRTPYPHTKLPNVTVWDLPGIGSTTFTPQNYLTEMKFGEYDFFIIISATRFKENDAQLAKAIAEMEMNFYFVRTKIDNDLGNEQKSKPKTFNKEKVFQRIRDDCSEHLQNVLSSEPPVFLVSNFDMSDYDFPELETKLLQDLPAHKRHTFSLSLQSLTEATINYKRDSLKQKAFLEAVKAGALATIPLGGMISDDLEDLDETFHLYRSYFGLDDASLENIAKEFNMSVNDFKVHLRFPHLFAEGNGESLEEKLSKYIKHISSVTGGPFATFIYYRRAYYLQNLFLDAAANDAIALLNNKELFENKVGPYISKPLDYWE","R",242,1483,5,"A.agrarius","Irgb6",1,"Irgb6*.1"
"Irgb6_refMus","TRINITY_DN25753_c1_g2_i5",83.333,414,69,0,1,414,1483,242,0,710,"MAWASGFDAFFKDFKRESKIISEEVIALIKSYIEKNKLQEAVSVIENALRDIESAPLNIAVTGETGTGKSTFINALRGVGQEEDSAAPTGVIETTMRRTPYPHTKLPNVTVWDLPGIGSTTFTPQNYLTEMKFGEYDFFIIISATRFKENDAQLAKAIAEMEMNFYFVRTKIDNDLGNEQKSKPKTFNKEKVFQRIRDDCSEHLQNVLSSEPPVFLVSNFDMSDYDFPELETKLLQDLPAHKRHTFSLSLQSLTEATINYKRDSLKQKAFLEAVKAGALATIPLGGMISDDLEDLDETFHLYRSYFGLDDASLENIAKEFNMSVNDFKVHLRFPHLFAEGNGESLEEKLSKYIKHISSVTGGPFATFIYYRRAYYLQNLFLDAAANDAIALLNNKELFENKVGPYISKPLDYWE","R",242,1483,5,"A.agrarius","Irgb6",1,"Irgb6.1"
"Irga3_refMus","TRINITY_DN17184_c0_g1_i1",81.395,344,64,0,1,344,202,1233,0,524,"MGQLFSNTPTDEDNGNLESSFTKYFRKYKPETKIISEENIRSIELHLKKGNLQGANSVISDILKNIDNAPINIAVTGESGAGKSSLINALRAVEHNGEGAAKVGVTETTMKIDSYKHPKVKNLILWDLPGIGTMKFQPKDYLEKVEFKKYDFFIIASCTRFTKHELDLAKAIRIMKKNYYFVRTKVDFDMENEEKCHPRTFDRENTLNHIRRYYLDSFRESKIEEPQIFLISNNNLSDYDFPVLMDTLIKDLPAEKRHNFLLSLPNITEAAIQKKYNSTKQFIWLDAMKDGVLATVPVVGILKDLDVDRLKNILNRYRDLFGVDDESLVFMAKNAQVPVELLKK","F",202,1233,6,"A.agrarius","Irga3",2,"Irga3.2"
"Irgb3_refMus","TRINITY_DN25753_c1_g2_i4",87.5,440,55,0,1,440,3623,2304,0,771,"HPPLHRAMCKPSSSTASPLTAQILAFGFENFLKNFKKESNILSKETITLIETHLENKNLQGALSTISHALRNIDEAPLNIAVTGESGTGKSSFINALRGVRDEEEGAAPTGVVETTMNRTPYPHPKLPKVTIWDLPGIGTTTFSPQNYLTEMKFDEYDFFIIISATRFKDTEALLAKVIAKMNTKFYFVRTKIDQDVSNELRSKPKSFNRDSVLKKIRDDCSGNLQEALSSQPPVFLVSNFDVSDFDFPKLETTLLSELPAHKRHIFMMSLHSVTETAIDRKRDFLRQKIWLEALKEGLWATIPLGGFIRDEIQKLEETLNLYRSYFGLDEASLENIAKDFNVSVNEIKAHLKSLHLLTKNKDTSFKEKLLKYIEYISYVTGGPLASGLYFRKIYYWKSLFIDTVASDAKSLLNKEEFLSEKTGSCMSDLLEYWETGMEL","R",2304,3623,7,"A.agrarius","IrgbTandem",1,"Irgb3.1"
"Irgb3_refMus","TRINITY_DN25753_c1_g2_i15",87.5,440,55,0,1,440,3622,2303,0,771,"HPPLHRAMCKPSSSTASPLTAQILAFGFENFLKNFKKESNILSKETITLIETHLENKNLQGALSTISHALRNIDEAPLNIAVTGESGTGKSSFINALRGVRDEEEGAAPTGVVETTMNRTPYPHPKLPKVTIWDLPGIGTTTFSPQNYLTEMKFDEYDFFIIISATRFKDTEALLAKVIAKMNTKFYFVRTKIDQDVSNELRSKPKSFNRDSVLKKIRDDCSGNLQEALSSQPPVFLVSNFDVSDFDFPKLETTLLSELPAHKRHIFMMSLHSVTETAIDRKRDFLRQKIWLEALKEGLWATIPLGGFIRDEIQKLEETLNLYRSYFGLDEASLENIAKDFNVSVNEIKAHLKSLHLLTKNKDTSFKEKLLKYIEYISYVTGGPLASGLYFRKIYYWKSLFIDTVASDAKSLLNKEEFLSEKTGSCMSDLLEYWETGMEL","R",2303,3622,8,"A.agrarius","IrgbTandem",2,"Irgb3.2"
"Irgm1_refMus","TRINITY_DN25928_c1_g5_i2",81.378,392,73,0,1,392,1514,339,0,650,"MAETHYPPLSSSFPFITSYKTGCSTLPDISRSTERALNEGKLLELACGVKETVATLSQIPVTIFVTGESGNGMSSFINALRNIGHEEDASAPTGVVRTTQVQAEYSSPQFPNVVLWDLPGLGATAQTVESYMEEMNFSTCDLVIIIASEQFSSNHMKLSKIIQSMGKRFYIVWTKLDRDLSRNALSEIRLLQDIQENIRENLQKERVKEPPIFLVSNLDPLEHDFPNLRNTLHKDLSNIRCCEPLKTLHGIYEKIIADKVAVWRQTIASECLSNSLGVSDEDDMGECLKMYRLIFGVDDESLQQVAQSMGTVLMDYKANMKSRNFDTLRKEDWKLRLMTCAVVNAFFCLFGFLPGLSCCLRRMKHKRMLLLVAQDTKNILERILRDCVFPPQ","R",339,1514,9,"A.agrarius","Irgm1",1,"Irgm1.1"
"Irgm1_refMus","TRINITY_DN25928_c1_g5_i1",81.378,392,73,0,1,392,1514,339,0,650,"MAETHYPPLSSSFPFITSYKTGCSTLPDISRSTERAFKEGKLLELVCGVKETVATLSQIPVTIFVTGESGNGMSSFINALRNIGHEEDASAPTGVVRTTQVQAEYSSPQFPNVVLWDLPGLGATAQTVESYMEEMNFSTCDLVIIIASEQFSSNHMKLSKIIQSMGKRFYIVWTKLDRDLSRNALSEIRLLQDIQENIRENLQKERVKEPPIFLVSNLDPLEHDFPNLRNTLHKDLSNIRCCEPLKTLHGIYEKIIADKVAVWRQTIASECLSNSLGVSDEDDMGECLKMYRLIFGVDDESLQQVAQSMGTVLMDYKANMKSRNFDTLRKEDWKLRLMTCAVVNAFFCLFGFLPGLSCCLRRMKHKRMLLLVAQDTKNILERILRDCVFPPQ","R",339,1514,10,"A.agrarius","Irgm1",2,"Irgm1.2"
"Irgm1_refMus","TRINITY_DN25793_c0_g3_i2",81.29,310,58,0,83,392,6,935,3.33e-179,507,"IGHEEDASAPTGVVRTTQVQAEYSSPQFPNVVLWDLPGLGATAQTVESYMEEMNFSTCDLVIIIASEQFSLNHVKLSKIIQSMGKRFYIVWTKLDRDLSRNALSEIRLLQDIQENIRENLQKEQVKEPPIFLVSNLDPLEHDFPNLRNTLHKDLSNIRCCEPLKTLHGIYEKIIADKVAVWRQTIASEYLSNSLGVSDEDDMGECLKMYRLIFGVDDESLQQVAQSMGTVLMDYKANMKSRNFDTLRKEDWKLRLMTCAVVNAFFCLFGFLPGLSCCLRRMKHKRMLLLVAQDTKNILERILRDCVFPPQ","F",6,935,11,"A.agrarius","Irgm1",3,"Irgm1.3"
"Irgb5*_refMus","TRINITY_DN25713_c1_g2_i11",87.349,332,42,0,1,332,997,2,0,566,"MGQTSSSTSPPKEDPDLTSSCVTNLQNFKMKTKILSQELIAFVESSLEHGNLRETVSAISSALSDIEKAPLNIAVMGETGAGKSSLINALQGVRTDEGGAAASTGVVYTTTERTPHTYTKLPSVTLWDLPGIGSTGFQSHDYLKKIKFEEYDFFIIVSSGRFKNNDAEFAKAIVQMNRSFYFVRTHTDLDLMVVKQSNPRRFNRENTLKQIRNTISSILKEVTQQEPPVFLVSNFDVSDFDFPELETTLLSELPAYKHHKFMHALQIVTDSTIDQKRDMLKQKIWKESIMPSAWATIPFRGLTQNDIDMLEQTLNDCRSSFGLDEASLGNIA","R",2,997,12,"A.agrarius","Irgb5*",1,"Irgb5*.1"
"Irgb5_refMus","TRINITY_DN25713_c1_g2_i11",87.349,332,42,0,1,332,997,2,0,566,"MGQTSSSTSPPKEDPDLTSSCVTNLQNFKMKTKILSQELIAFVESSLEHGNLRETVSAISSALSDIEKAPLNIAVMGETGAGKSSLINALQGVRTDEGGAAASTGVVYTTTERTPHTYTKLPSVTLWDLPGIGSTGFQSHDYLKKIKFEEYDFFIIVSSGRFKNNDAEFAKAIVQMNRSFYFVRTHTDLDLMVVKQSNPRRFNRENTLKQIRNTISSILKEVTQQEPPVFLVSNFDVSDFDFPELETTLLSELPAYKHHKFMHALQIVTDSTIDQKRDMLKQKIWKESIMPSAWATIPFRGLTQNDIDMLEQTLNDCRSSFGLDEASLGNIA","R",2,997,12,"A.agrarius","IrgbTandem",1,"Irgb5.1"
"Irgb9_refMus","TRINITY_DN25713_c1_g2_i3",84.036,332,53,0,1,332,997,2,0,551,"MGQTSSSSCPPKEDPDLTSSFGTNLQNFKMETKILSQELITFIHTSLENGNLQETVSAIRSALADIEKAPLNIAVMGETGAGKSSLINALQRVRADKGGVAASTGVVYTTTERIPHAYTKFPSVTLWDLPGIGSTGFQSHDYLKKIKFEEYDFFIIVSSERFKRNDAELAKAIVQMNRSFYFVRTHTDLDLIVAKLSDHRRFNKENILEQIRNTISSILKEVTHQETPVFLVSNFDVSDFDFPELETTLLSELPAYKHHKFMHALQIVTDSTIDQKRDMLKQKIWKESIMPSAWATIPFRGLTQNDIDMLEQTLNDCRSSFGLDEASLGNIA","R",2,997,13,"A.agrarius","IrgbTandem",1,"Irgb9.1"
"Irgb5*_refMus","TRINITY_DN25713_c1_g1_i3",78.056,360,78,1,1,360,337,1413,0,550,"MGQTSSSTSPAKEDPDLTSSFGKNLQNFKMKTKILSQELIAFVESSLEHGNLRETVSAISKSLGDIEKTPLNIAVMGEVGTGKSSLINALLGVENYEESAAA-TGVVNTTTKRTAYSCAKFPSVTLWDLPGILSFDIQLHDYLKKIKFEEYDFFIIVSSARLTQNATELIKAIVKTNRSFHFVRTKIDSELLNEEKCKPKTFNKENTLKKIRNNISSILKEVTQQEPPVFLVSNFDVSDFDFPELETTLLSELPAYKHHKFMHALQIVTDSTIDQKRDMLKQKIWKESIMPSAWATIPFRGLTQNDIDMLEQTLNDYRSSFGLDEASLRNIAEDLNMTLEELTANIKSPHLLSDEPDTSL","F",337,1413,14,"A.agrarius","Irgb5*",2,"Irgb5*.2"
"Irgb5_refMus","TRINITY_DN25713_c1_g1_i3",78.056,360,78,1,1,360,337,1413,0,550,"MGQTSSSTSPAKEDPDLTSSFGKNLQNFKMKTKILSQELIAFVESSLEHGNLRETVSAISKSLGDIEKTPLNIAVMGEVGTGKSSLINALLGVENYEESAAA-TGVVNTTTKRTAYSCAKFPSVTLWDLPGILSFDIQLHDYLKKIKFEEYDFFIIVSSARLTQNATELIKAIVKTNRSFHFVRTKIDSELLNEEKCKPKTFNKENTLKKIRNNISSILKEVTQQEPPVFLVSNFDVSDFDFPELETTLLSELPAYKHHKFMHALQIVTDSTIDQKRDMLKQKIWKESIMPSAWATIPFRGLTQNDIDMLEQTLNDYRSSFGLDEASLRNIAEDLNMTLEELTANIKSPHLLSDEPDTSL","F",337,1413,14,"A.agrarius","IrgbTandem",2,"Irgb5.2"
"Irgb5*_refMus","TRINITY_DN25713_c1_g2_i9",79.819,332,67,0,1,332,997,2,0,513,"MGQTSSSSCPPKEDPDLTSSFGTNLQNFKMETKILSQELITFIESSLEDGNLRETVSAISSALSDIEKAPLNIAVMGETGAGKSSLINALQGVRTDEGGAAASTGVVYTTTERTPHTYTKLPSVTLWDLPGILSFDIQLHDYLKKIKFEEYDFFIIVSSARLTQNATELIKAIVKTNRSFHFVRTKIDSELLNEEKCKPKTFNKENTLKKIRNNISSILKEVTQQEPPVFLVSNFDVSDFDFPELETTLLSELPAYKHHKFMHALQIVTDSTIDQKRDMLKQKIWKESIMPSAWATIPFRGLTQNDIDMLEQTLNDCRSSFGLDEASLGNIA","R",2,997,15,"A.agrarius","Irgb5*",3,"Irgb5*.3"
"Irgb5*_refMus","TRINITY_DN25713_c1_g2_i13",76.506,332,77,1,1,332,994,2,3.9e-175,496,"MGQTSSSTSPAKEDPDLTSSFGKNLQNFKMKTKILSQELIAFVESSLEHGNLRETVSAISKSLGDIEKTPLNIAVMGEVGTGKSSLINALLGVENYEESAAA-TGVVNTTTKRTAYSCAKFPSVTLWDLPGILSFDIQLHDYLKKIKFEEYDFFIIVSSARLTQNATELIKAIVKTNRSFHFVRTKIDSELLNEEKCKPKTFNKENTLKKIRNNISSILKEVTQQEPPVFLVSNFDVSDFDFPELETTLLSELPAYKHHKFMHALQIVTDSTIDQKRDMLKQKIWKESIMPSAWATIPFRGLTQNDIDMLEQTLNDCRSSFGLDEASLGNIA","R",2,994,16,"A.agrarius","Irgb5*",4,"Irgb5*.4"
"Irgb5*_refMus","TRINITY_DN25713_c1_g2_i6",76.506,332,77,1,1,332,994,2,5.74e-175,496,"MGQTSSSTSPAKEDPDLTSSFGKNLQNFKMKTKILSQELIAFVESSLEHGNLRETVSAISKSLGDIEKTPLNIAVMGEVGTGKSSLINALLGVENYEESAAA-TGVVNTTTKRTAYSCAKFPSVTLWDLPGILSFDIQLHDYLKKIKFEEYDFFIIVSSARLTQNATELIKAIVKTNRSFHFVRTKIDSELLNEEKCKPKTFNKENTLKKIRNNISSILKEVTQQEPPVFLVSNFDVSDFDFPELETTLLSELPAYKHHKFMHALQIVTDSTIDQKRDMLKQKIWKESIMPSAWATIPFRGLTQNDIDMLEQTLNDCRSSFGLDEASLGNIA","R",2,994,17,"A.agrarius","Irgb5*",5,"Irgb5*.5"
"Irgb5*_refMus","TRINITY_DN25713_c1_g2_i2",76.506,332,77,1,1,332,994,2,1.61e-173,493,"MGQTSSSTSPPKEDPDLTSSCVTNLQNFKMKTKILSQELIAFVESSLEHGNLRETVSAISKSLGDIEKTPLNIAVMGEVGTGKSSLINALLGVENYEESAAA-TGVVNTTTKRTAYSCAKFPSVTLWDLPGILSFDIQLHDYLKKIKFEEYDFFIIVSSARLTQNATELIKAIVKTNRSFHFVRTKIDSELLNEEKCKPKTFNKENTLKKIRNNISSILKEVTQQEPPVFLVSNFDVSDFDFPELETTLLSELPAYKHHKFMHALQIVTDSTIDQKRDMLKQKIWKESIMPSAWATIPFRGLTQNDIDMLEQTLNDCRSSFGLDEASLGNIA","R",2,994,18,"A.agrarius","Irgb5*",6,"Irgb5*.6"
"Irgb5_refMus","TRINITY_DN25713_c1_g2_i2",76.506,332,77,1,1,332,994,2,2.31e-172,493,"MGQTSSSTSPPKEDPDLTSSCVTNLQNFKMKTKILSQELIAFVESSLEHGNLRETVSAISKSLGDIEKTPLNIAVMGEVGTGKSSLINALLGVENYEESAAA-TGVVNTTTKRTAYSCAKFPSVTLWDLPGILSFDIQLHDYLKKIKFEEYDFFIIVSSARLTQNATELIKAIVKTNRSFHFVRTKIDSELLNEEKCKPKTFNKENTLKKIRNNISSILKEVTQQEPPVFLVSNFDVSDFDFPELETTLLSELPAYKHHKFMHALQIVTDSTIDQKRDMLKQKIWKESIMPSAWATIPFRGLTQNDIDMLEQTLNDCRSSFGLDEASLGNIA","R",2,994,18,"A.agrarius","IrgbTandem",3,"Irgb5.3"
"Irgb5*_refMus","TRINITY_DN25713_c1_g1_i5",76.276,333,79,0,1,333,338,1336,1.55e-170,485,"MGQTSSSIFPPKEDPDLTSSFGTNLQNFKMETKILSQELIAFIQTSLENGNLQETVSAIRSALADIEKAPLNIAVMGETGAGKSSLINALRGVGADEGGAAAPTGVGFTTTERIPYTYTKFPSVTLWDLPGIVSFAFKKHDYLKKIKFEEYDFFIIVSSGRVKLNDTELAKLIVQMNRRFYFVRTRTDIDLMAEKLINARNFSEENMLKKIRNDISSILKEVTHQEPPVFLVSNFYVSDFDFPKLETTLLSELPAHKRHIFMMSLHSVTETAIDRKRDFLRQKIWLEALKEGVWATIPLGGFIRDEIQKLEETLNLYRSYFGLDEASLENIAK","F",338,1336,19,"A.agrarius","Irgb5*",7,"Irgb5*.7"
"Irgb9_refMus","TRINITY_DN25464_c1_g2_i2",70.588,289,84,1,138,425,1040,174,8.99e-139,403,"QSHDYLKKIKFEEYDFFIIVLSRHLKYNDTELAKAIVQKNRSFYYVQTKIDLDLMIEKQCNPRRFNKESILEQIRNNISNTVKEVTHQKPPVFLVSNLDVSDFDFPKLESTLLSELPAYKRHIFMLTLPSVIDATIDRKKNMLKRKIQKVSTMLSILANKEFRELTHNNMEMLEQTLNDCRSFFGLNEASLRNIAEDLNVTLEELQANINSPHLFSDEPDTSFKDKLLKYIKHSNFSNVSHLQNNFIDILASDVKTILSNEVLLTKKVSAFSSNASRYWKDFMGKFVFP","R",174,1040,20,"A.agrarius","IrgbTandem",2,"Irgb9.2"
"Irgb9_refMus","TRINITY_DN25464_c1_g2_i4",75.281,267,66,0,138,404,1109,309,8.45e-138,402,"QSHDYLKKIKFEEYDFFIIVLSRHLKYNDTELAKAIVQKNRSFYYVQTKIDLDLMIEKQCNPRRFNKESILEQIRNNISNTVKEVTHQKPPVFLVSNLDVSDFDFPKLESTLLSELPAYKRHIFMLTLPSVIDATIDRKKNMLKRKIQKVSTMLSILANKEFRELTHNNMEMLEQTLNDCRSSFGLDEASLGNIAGDLNMTLEEFKESIKSPHLLSDDLDTSLTEKLSKYIRNPYFSKLFHLQNYFIDTVASDVKIILSKEELLREK","R",309,1109,21,"A.agrarius","IrgbTandem",3,"Irgb9.3"
"Irgb9_refMus","TRINITY_DN25464_c1_g2_i1",63.125,320,113,3,138,455,1109,159,2.33e-129,380,"QSHDYLKKIKFEEYDFFIIVLSRHLKYNDTELAKAIVQKNRSFYYVQTKIDLDLMIEKQCNPRRFNKESILEQIRNNISNTVKEVTHQKPPVFLVSNLDVSDFDFPKLESTLLSELPAYKRHIFMLTLPSVIDATIDRKKNMLKRKIQKVSTMLSILANKEFRELTHNNMEMLEQTLNDCRSFFGLNEASLRNIAEDLNVTLEELQANINSPHLFSDEPDTSFKDKLLKYIKHSNFSNVSHLQNNFIDILASDVKTILSNEVLLTKKHPPVHTAK---YTPSAGRPSPLTAQLLKFSFENFFKNFKKESKILSEETITLI","R",159,1109,22,"A.agrarius","IrgbTandem",4,"Irgb9.4"
"Irgb5*_refMus","TRINITY_DN25464_c1_g1_i2",84.577,201,31,0,204,404,3,605,1.11e-115,343,"RENTLKQIRNTISSILKEVTQQEPQVFLVSTFDVSDFDFPKLESNLLSQLPAYKHHIFMFTLPIVTDPTIDRKRDMLKQKISKVSTMPRAWATIPFRRLTQNDMEMLEQTLNDCRSSFGLDEASLGNIAGDLNMTLEEFKESIKSPHLLSDEPDTSLTEKLMKYINNPYFSKVFHLQNYFVDTVVSDVKIILSKEELLREK","F",3,605,23,"A.agrarius","Irgb5*",8,"Irgb5*.8"
"Irgb5_refMus","TRINITY_DN25464_c1_g1_i2",84.577,201,31,0,204,404,3,605,8.55e-115,343,"RENTLKQIRNTISSILKEVTQQEPQVFLVSTFDVSDFDFPKLESNLLSQLPAYKHHIFMFTLPIVTDPTIDRKRDMLKQKISKVSTMPRAWATIPFRRLTQNDMEMLEQTLNDCRSSFGLDEASLGNIAGDLNMTLEEFKESIKSPHLLSDEPDTSLTEKLMKYINNPYFSKVFHLQNYFVDTVVSDVKIILSKEELLREK","F",3,605,23,"A.agrarius","IrgbTandem",4,"Irgb5.4"
"Irgb5*_refMus","TRINITY_DN25464_c1_g1_i1",83.582,201,33,0,204,404,3,605,1.93e-112,335,"RENTLKQIRNTISSILKEVTQQEPQVFLVSTFDVSDFDFPKLESNLLSQLPAYKHHIFMFTLPIVTDPTIDRKRDMLKQKISKVSTMPRAWATIPFRRLTQNDMEMLEQTLNDCRSSFGLDEASLGNIAGDLNMTLEEFKESIKSPHLLSDDLDTSLTEKLSKYIRNPYFSKLFHLQNYFIDTVASDIKIILSKEELLTKR","F",3,605,24,"A.agrarius","Irgb5*",9,"Irgb5*.9"
"Irgb5_refMus","TRINITY_DN25464_c1_g1_i1",83.582,201,33,0,204,404,3,605,1.84e-111,335,"RENTLKQIRNTISSILKEVTQQEPQVFLVSTFDVSDFDFPKLESNLLSQLPAYKHHIFMFTLPIVTDPTIDRKRDMLKQKISKVSTMPRAWATIPFRRLTQNDMEMLEQTLNDCRSSFGLDEASLGNIAGDLNMTLEEFKESIKSPHLLSDDLDTSLTEKLSKYIRNPYFSKLFHLQNYFIDTVASDIKIILSKEELLTKR","F",3,605,24,"A.agrarius","IrgbTandem",5,"Irgb5.5"
"Irgb10_refMus","TRINITY_DN24072_c6_g2_i1",78.966,290,61,0,128,417,618,1487,4.19e-157,457,"GSGQVTSKQKTI*RK*TSRSMTFFLIISATRFTEHDAQLAKAIRKMKKKFYFVRSKIDSDLWNEKKCKPKSYNREKTLERIQNDCVEKLQKAKVPSTPVFLVSSIEAAQFDFPKLESTLLTELPAQKRHIFMQCLPNITETAIDRRRDVLRQTIWLEALKAGATATIPLKSFFNDDIEELEKTLTHYRACFGIDDESLENMAREWSMSVEELKSTIKSPHLLSSEPNESVADKLVKIMEKVFAVTGGFVATGLYFRKSYYMQNYFLDTVTEDAKVLLKKRVFLQDSVDSE","F",618,1487,25,"A.agrarius","Irgb10",3,"Irgb10.3"
"Irgb8_refMus","TRINITY_DN25753_c1_g2_i1",74.286,280,72,0,137,416,1081,242,2.54e-150,431,"EYDFFIIISATRFKDTEALLAKVIAKMNTKFYFVRTKIDQDVSNELRSKPKSFNRDSVLKKIRDDCSGNLQEALSSQPPVFLVSNFDVSDFDFPKLETTLLSELPAHKRHIFMMSLHSVTETAIDRKRDFLRQKIWLEALKERVWATIPLGAFIRDEIQKLEETLNLYRSYFGLDDASLENIAKEFNMSVNDFKVHLRFPHLFAEGNGESLEEKLSKYIKHISSVTGGPFATFIYYRRAYYLQNLFLDAAANDAIALLNNKELFENKVGPYISKPLDYWE","R",242,1081,26,"A.agrarius","IrgbTandem",1,"Irgb8.1"
"Irgd_refMus","TRINITY_DN25617_c5_g7_i1",84.762,420,64,0,1,420,2738,1479,0,697,"MDQFISVFLKGASQKNFQQLAMEFLPQYTALVSKWGGMLSPETLSGIHKALQEGKLCDVISQIQEVISAAENAVLEVAVIGQSGTGKSSFINALRGLSHEEEESADVGTVETTMCKIPYQHPKYPKVIFWDLPGTGTPNFHADMYLDQVGFANYDFFIIISSSRFSLNDALLAQKIKDAGKKFYFVRTKVDSDLYNEKQSKPTTFKKEIVLQQIRDYCLTNLVSIGVTELRVFLISNFDLDAFDFPELEETLLKELPGHKRHVFALLLPNISDVSIELKKHFLQEKICLEALKSAAVSFIPFMTFFMGFDLPQQEECLKEYRSYFGLDDKSVKEIAERFDTHLEDIKGQLKCLDFWSLVKDDSIITQAKNAAEAFCAVNGGPASSVFQALKVYYRRKQFLNTVVDDAKHLLRKMETVNVA","R",1479,2738,27,"A.agrarius","Irgd",1,"Irgd.1"
"Irgd_refMus","TRINITY_DN25617_c5_g4_i1",84.762,420,64,0,1,420,195,1454,0,696,"MDQFISVFLKGASQKNFQQLAMEFLPQYTALVSKWGGMLSPETLSGIHKALQEGKLCDVISQIQEVISAAENAVLEVAVIGQSGTGKSSFINALRGLSHEEEESADVGTVETTMCKIPYQHPKYPKVIFWDLPGTGTPNFHADMYLDQVGFANYDFFIIISSSRFSLNDALLAQKIKDAGKKFYFVRTKVDSDLYNEKQSKPTTFKKEIVLQQIRDYCLTNLVSIGVTELRVFLISNFDLDAFDFPELEETLLKELPGHKRHVFALLLPNISDVSIELKKHFLQEKICLEALKSAAVSFIPFMTFFMGFDLPQQEECLKEYRSYFGLDDKSVKEIAERFDTHLEDIKGQLKCLDFWSLVKDDSIITQAKNAAEAFCAVNGGPASSVFQALKVYYRRKQFLNTVVDDAKHLLRKMETVNVA","F",195,1454,28,"A.agrarius","Irgd",2,"Irgd.2"
"Irgb10_refMus","TRINITY_DN24072_c6_g1_i2",84.328,268,42,0,150,417,1118,315,3.08e-160,457,"FFLIISATRFTEHDAQLAKAIRKMKKKFYFVRSKIDSDLWNEKKCKPKSYNREKTLERIQNDCVEKLQKAKVPSTPVFLVSSIEAAQFDFPKLESTLLTELPAQKRHIFMQCLPNITETAIDRRRDVLRQTIWLEALKAGATATIPLKSFFNDDIEELEKTLTHYRACFGLDDESLENMAREWSMSVEELKSTIKSPHLLSSEPNESVADKLVKIMEKVFAVTGGFVATGLYFRKSYYMQNYFLDTVTEDAKVLLKKRVFLQDSVDSE","R",315,1118,29,"A.agrarius","Irgb10",4,"Irgb10.4"
"Irgm3_refMus","TRINITY_DN25893_c1_g3_i1",73.643,258,68,0,164,421,1038,265,2.69e-137,398,"TYDLIIIVASEQFSANHVKLARAAQRMKKRFYVVWTKLDRDLSTSTFPEAQLLQNIRGNILENLRKGQVRDPPLFLVSCFSPSFHDFPELRKTLHNDIFNIQYIDPLETISQVCDRCINNKAYSLKEDQMLRNQLEATFRPACDMADLERGLETYQKLFGVNDESFLWAAQSTGRLEVGSRALKLQDLHKMDRRLRLMMCVAVKVFLGVLGSSWWFGLWDFIIRYFRHQRHKLVIDILAKITQASLRRALKDSILPPE","R",265,1038,30,"A.agrarius","Irgm3",1,"Irgm3.1"
"Irgm3_refMus","TRINITY_DN25928_c1_g6_i1",71.946,221,62,0,201,421,1,663,6.66e-112,332,"LDRDLSTSTFPEAQLLQNIRGNILENLWKGQVRDPPLFLVSCFSPSFHDFPELRKTLHNDIFNIQYIDPLETISQVCDRCINNKAYSLKEDQMLRNQLEATFRPACDMADLERGLETYQKLFGVNDESFLWAAQSTGRLEVGSRALKLQDLHKMDRRLRLMMCVAVKVFLGVLGSSWWFGLWDFIIRYFRHQRHKLVIDILAKITQASLRRALKDSILPPE","F",1,663,31,"A.agrarius","Irgm3",2,"Irgm3.2"
"Irgm2_refMus","TRINITY_DN25893_c1_g1_i2",68.489,311,95,2,86,394,3,932,1.68e-147,425,"LIGHEEEDSAPTGVVRTTQKPACYSSSHFPYAELWDLPGLGATAQSVESYLDEMQISTYDLIIIVASEQFSANHVKLAKAAKRMRKKFYVVWTKLDRDLSTSTFPEAQLLQNIQRNILENLRKEKVKKPDLFLVSTIKPESHDFPKLREKLQKDLYDIKLHGLLATLHQSCEKTINERVESIKKSMDADHLKRDFGISDPDNLRECRKVFQEIFGVDGESLRQVALKMGKPDTHFTTNTESQEMQRCQQDGWTWGGLYCSGTQLLSTGLNRIQCCIYSQHHRYRQH-NVLKETAGKAKSVLSEILTDSLSY","F",3,932,32,"A.agrarius","Irgm2",1,"Irgm2.1"
"Irgm2_refMus","TRINITY_DN25893_c1_g1_i1",68.91,312,94,2,86,394,3,938,2.79e-146,420,"LIGHEEEDSAPTGVVRTTQKPACYTSSSHFPYAELWDLPGLGATAQSVESYLDEMQISTYDLIIIVASEQFSANHVKLAKAAQRMRKRFYVVWTKLDRDLSTSTFPEAQLLQNIRRNILENLRKEKVKKPDLFLVSTIKPESHDFPKLREKLQKDLYDIKLHGLLATLHQSCEKTINERVESIKKSMDADHLKRDFGISDPDNLRECRKVFQEIFGVDGESLRQVALKMGKPDTHFKTSMESQEMQRCQQDGWTWGGLYCSGTQLLSTGLNRIQYSIYSQPHRYRQQKGVLKETAGKAKSVLSEILTDSLSY","F",3,938,33,"A.agrarius","Irgm2",2,"Irgm2.2"
"Irgm2_refMus","TRINITY_DN25928_c1_g1_i1",67.834,314,97,3,84,394,1299,361,2.3e-145,421,"LRLIGHEEEDSAPTGVVRTTQKPACYTSSSHFPYVELWDMPGLGATAQSVESYLDEMQISTYDLIIIVASEQFSANHVKLARAAQRMKKRFYVVWTKLDRDLSTSTFPEAQLLQNIQRNILENLRKEEVKKPDLFLVSTMKPESHDFSKLRETLQKDLYDIKSRGLLATLQHICEKTINERVESIKKSIDADHLQGDIEIGDPDNLRECRKVFQEIFGVDGESLRQVALKMGKPDTHFTTNTESQEMQRYQQDGWTWGGLYRSGTQLLSTGLNRIQCCIYSQHHRYRQH-NVLKETAGKAKSVLSEILTDSLSY","R",361,1299,34,"A.agrarius","Irgm2",3,"Irgm2.3"
"Irgm2_refMus","TRINITY_DN25893_c1_g1_i3",66.881,311,101,1,86,394,3,935,1.47e-141,408,"LIGHEEEDSAPTGVVRTTQKPACYSSSHFPYAELWDLPGLGATAQSVESYLDEMQISTYDLIIIVASEQFSANHVKLARAAQRMKKRFYVVWTKLDRDLSTSTFPEAQLLQNIQGNILKNLRKEEVKKPDLFLVSIIKPESQDFSKLRETLQKDLYAIKSRGLLATLYYICEKTINERVGSIKKSIDADHLQRDFGILDPDNLRECWKVFQEIFGVDGESLRQVALKMGKPDTHFMTTMESQEMQRCQQDGWTWGGLYCSGTQLLSTGLNRIQYSIYSQPHRYRQQKGVLKETAGKAKSVLSEILTDSLSY","F",3,935,35,"A.agrarius","Irgm2",4,"Irgm2.4"
"Irgm2_refMus","TRINITY_DN25893_c1_g1_i6",66.559,311,101,2,86,394,3,932,1.57e-140,407,"LIGHEEEDSAPTGVVRTTQKPACYSSSHFPYAELWDLPGLGATAQSVESYLDEMQISTYDLIIIVASEQFSANHVKLARAAQRMKKRFYVVWTKLDRDLSTSTFPEAQLLQNIQGNILKNLRKEEVKKPDLFLVSTMKPESHDFSKLRETLQKDLYDIKSRGLLATLQHICEKTINERVESIKKSIDADHLQGDIEIGDPDNLRECQKVFQEFFGVDGESLRQVALKMGKPDTHFTTNTESQEMQRCQQDGWTWGGLYCSGTQLLSTGLNRIQCCIYSQHHRYRQH-NVLKETAGKAKSVLSEILTDSLSY","F",3,932,36,"A.agrarius","Irgm2",5,"Irgm2.5"
"Irgm2_refMus","TRINITY_DN25928_c1_g1_i3",75.463,216,47,1,84,299,1337,708,7.95e-109,328,"LRLIGHEEEDSAPTGVVRTTQKPACYSSSHFPYVELWDMPGLGATAQSVESYLDEMQISTYDLIIIVASEQFSANHVKLARAAQRMKKRFYVVWTKLDRDLSTSTFPEAQLLQNIQRNILENLRKEEVKKPDLFLVSTMKPESHDFSKLRETLQKDLYDIKSRGLLATLQHICEKTINERVGSIKKSIDADHLQ------DPDNLRECRKVFQEIL","R",708,1337,37,"A.agrarius","Irgm2",6,"Irgm2.6"
"Irgq_refMus","TRINITY_DN25274_c3_g2_i7",94.833,600,30,1,1,599,244,2043,0,730,"MPLPQGDVTALFLGPPGSGKSALIGELCGKNVDTVEIPDGRPDSGVPSLRAAAPGLFLGELSCPPAAPGPWAAEANLLVLVLPGSEGSEQPLTPALGEAARAALARGTPLLAVRNLRPGDSQNAAQARDETAALLDSAGLGATPLFVLPADCSSSDRCEELERLQVVLRTQAEALQRLLPPAQDGFEVLGAAELEAVREAFETGGLEAALSWVRAGLERLGSARLDLAVAGTTNVGLVLDMLLGMDPGDPGAAPASPPTGPTPYPAPERPNVVLWTVPLGPTATSAAVTPHPTHYDALILVTPGAPTEENWAQVRSLVSPDAPLVGVRMDGQGEDPPEVLEEEKAPNASDGDTGDARSEGKKAGIGDSGCTAARSPEDELWEVLEEAPPPVFPLRPGGLPGLGSWLQRALPTAQAGALLLALPPASPRAARRKAAALRAGAWRPALLASLAAAAAPVPGLGWACDVALLRGQLAEWRRALGLEPAAVARRERALGLAPGVLATRTRFPGPVTRAEVEARLGSWAGEGTAGGAALGALSFLWPAGGAAATGGLGYRAAHGVLLQALDEMLADAEAVLGPPEPNQ*GVRWGLGYLVTWFWAL","F",244,2043,38,"A.agrarius","Irgq",1,"Irgq.1"
"Irgq_refMus","TRINITY_DN25274_c3_g2_i6",94.833,600,30,1,1,599,244,2043,0,730,"MPLPQGDVTALFLGPPGSGKSALIGELCGKNVDTVEIPDGRPDSGVPSLRAAAPGLFLGELSCPPAAPGPWAAEANLLVLVLPGSEGSEQPLTPALGEAARAALARGTPLLAVRNLRPGDSQNAAQARDETAALLDSAGLGATPLFVLPADCSSSDRCEELERLQVVLRTQAEALQRLLPPAQDGFEVLGAAELEAVREAFETGGLEAALSWVRAGLERLGSARLDLAVAGTTNVGLVLDMLLGMDPGDPGAAPASPPTGPTPYPAPERPNVVLWTVPLGPTATSAAVTPHPTHYDALILVTPGAPTEENWAQVRSLVSPDAPLVGVRMDGQGEDPPEVLEEEKAPNASDGDTGDARSEGKKAGIGDSGCTAARSPEDELWEVLEEAPPPVFPLRPGGLPGLGSWLQRALPTAQAGALLLALPPASPRAARRKAAALRAGAWRPALLASLAAAAAPVPGLGWACDVALLRGQLAEWRRALGLEPAAVARRERALGLAPGVLATRTRFPGPVTRAEVEARLGSWAGEGTAGGAALGALSFLWPAGGAAATGGLGYRAAHGVLLQALDEMLADAEAVLGPPEPNQ*GVRWGLGYLVTWFWAL","F",244,2043,39,"A.agrarius","Irgq",2,"Irgq.2"
"Irgq_refMus","TRINITY_DN25274_c3_g2_i1",94.833,600,30,1,1,599,244,2043,0,730,"MPLPQGDVTALFLGPPGSGKSALIGELCGKNVDTVEIPDGRPDSGVPSLRAAAPGLFLGELSCPPAAPGPWAAEANLLVLVLPGSEGSEQPLTPALGEAARAALARGTPLLAVRNLRPGDSQNAAQARDETAALLDSAGLGATPLFVLPADCSSSDRCEELERLQVVLRTQAEALQRLLPPAQDGFEVLGAAELEAVREAFETGGLEAALSWVRAGLERLGSARLDLAVAGTTNVGLVLDMLLGMDPGDPGAAPASPPTGPTPYPAPERPNVVLWTVPLGPTATSAAVTPHPTHYDALILVTPGAPTEENWAQVRSLVSPDAPLVGVRMDGQGEDPPEVLEEEKAPNASDGDTGDARSEGKKAGIGDSGCTAARSPEDELWEVLEEAPPPVFPLRPGGLPGLGSWLQRALPTAQAGALLLALPPASPRAARRKAAALRAGAWRPALLASLAAAAAPVPGLGWACDVALLRGQLAEWRRALGLEPAAVARRERALGLAPGVLATRTRFPGPVTRAEVEARLGSWAGEGTAGGAALGALSFLWPAGGAAATGGLGYRAAHGVLLQALDEMLADAEAVLGPPEPNQ*GVRWGLGYLVTWFWAL","F",244,2043,40,"A.agrarius","Irgq",3,"Irgq.3"
"Irgq_refMus","TRINITY_DN25274_c3_g2_i9",94.833,600,30,1,1,599,6174,4375,0,730,"MPLPQGDVTALFLGPPGSGKSALIGELCGKNVDTVEIPDGRPDSGVPSLRAAAPGLFLGELSCPPAAPGPWAAEANLLVLVLPGSEGSEQPLTPALGEAARAALARGTPLLAVRNLRPGDSQNAAQARDETAALLDSAGLGATPLFVLPADCSSSDRCEELERLQVVLRTQAEALQRLLPPAQDGFEVLGAAELEAVREAFETGGLEAALSWVRAGLERLGSARLDLAVAGTTNVGLVLDMLLGMDPGDPGAAPASPPTGPTPYPAPERPNVVLWTVPLGPTATSAAVTPHPTHYDALILVTPGAPTEENWAQVRSLVSPDAPLVGVRMDGQGEDPPEVLEEEKAPNASDGDTGDARSEGKKAGIGDSGCTAARSPEDELWEVLEEAPPPVFPLRPGGLPGLGSWLQRALPTAQAGALLLALPPASPRAARRKAAALRAGAWRPALLASLAAAAAPVPGLGWACDVALLRGQLAEWRRALGLEPAAVARRERALGLAPGVLATRTRFPGPVTRAEVEARLGSWAGEGTAGGAALGALSFLWPAGGAAATGGLGYRAAHGVLLQALDEMLADAEAVLGPPEPNQ*GVRWGLGYLVTWFWAL","R",4375,6174,41,"A.agrarius","Irgq",4,"Irgq.4"
"Irgq_refMus","TRINITY_DN25274_c3_g2_i8",94.833,600,30,1,1,599,5623,3824,0,730,"MPLPQGDVTALFLGPPGSGKSALIGELCGKNVDTVEIPDGRPDSGVPSLRAAAPGLFLGELSCPPAAPGPWAAEANLLVLVLPGSEGSEQPLTPALGEAARAALARGTPLLAVRNLRPGDSQNAAQARDETAALLDSAGLGATPLFVLPADCSSSDRCEELERLQVVLRTQAEALQRLLPPAQDGFEVLGAAELEAVREAFETGGLEAALSWVRAGLERLGSARLDLAVAGTTNVGLVLDMLLGMDPGDPGAAPASPPTGPTPYPAPERPNVVLWTVPLGPTATSAAVTPHPTHYDALILVTPGAPTEENWAQVRSLVSPDAPLVGVRMDGQGEDPPEVLEEEKAPNASDGDTGDARSEGKKAGIGDSGCTAARSPEDELWEVLEEAPPPVFPLRPGGLPGLGSWLQRALPTAQAGALLLALPPASPRAARRKAAALRAGAWRPALLASLAAAAAPVPGLGWACDVALLRGQLAEWRRALGLEPAAVARRERALGLAPGVLATRTRFPGPVTRAEVEARLGSWAGEGTAGGAALGALSFLWPAGGAAATGGLGYRAAHGVLLQALDEMLADAEAVLGPPEPNQ*GVRWGLGYLVTWFWAL","R",3824,5623,42,"A.agrarius","Irgq",5,"Irgq.5"
"Irga6_refMus","TRINITY_DN27804_c2_g1_i1",69.186,344,106,0,70,413,2608,1577,4.06e-180,525,"LNVAVTGESGAGKSSFINALRGIGHEDEGAAEIGVVETTMRRHPYTHPKIPNVVFWDLPGIGTTNFPPKDYLEKMKFNEYDFFIIVSATRFKKNDIDLAKAISVMKKDFYFVRTKVDSDLKNEKEFKPRTFDRETVLHQIRSSCERIFQENNVEQPPIFLISNKTLSDYDFQILMDKVVNALPVHKRHNFMLSLPNITDAAIERKRQFLKQRIWLEAFATDLLNMIPSLTLLMGNDVENLRKNMNHYRTVFGVDDASLQSLAEDWQVSVDQLKAKMKSPHVFETTKKETIQEKLSRLCEEFCLANGHFIAKNAYVKELFYLKFCFLDMVTDDANALLREICVKN","R",1577,2608,1,"M.glareolus","Irga2-6",1,"Irga6.1"
"Irga7_refMus","TRINITY_DN29681_c0_g4_i3",65.394,419,144,1,1,419,249,1502,0,528,"MGQVFSDTSKKEDSEGLLSSFDESFKNIKSGSTIISPKTSHSIEQHLKNGNIQGATSVIRDALKNIDNVPINIAVTGESGAGKSSFINALREVGDDENDAAKVGVVETTMKMTSYKHPKFETLIIWDLPGVGTLKFPPKEYLKKVEFQKYDFFIIASATRFTKLEIELAKAITMMNKNYYFVRTKVDFDIDNEKKCKPRTFDREKILEQIRKSYEKTFQENKIDKPQIFLISNHNLSDYDFPSLVDILIKDLPAQKRHNFMLSLPNITEPAIDRKHKSMQQTVWSEAFKAGLLATVPVVGILRD-DVEKLKEKLNHYRVLFGVDDESLEFMAKDSQMPVEQLRKILRSPFLLETKKEETLRESFLKYFQKCASANGGLLATGLYFTRTFYLEFLFLDTVTEDAKVLLRETYSKI*FKLN","F",249,1502,2,"M.glareolus","pseudogene",1,"Irga7.1"
"Irgb10_refMus","TRINITY_DN27118_c5_g5_i2",74.341,417,107,0,1,417,219,1469,0,628,"MGQTSSTPVADAHNMVSSFDAFFKTFKMESKIISEETISSIQRFMEQGDMQKAISTINAALAEIEKAPLSIAVTGETGAGKSTFINALRGIGQEEIDSARSGVVETTMVREKYTHSKFPNVTIWDLPGVGSTTFKPEEYLKKMKFQEYDFFLIISATRFKENDAQLAKAIGKMKKNFYFVRTKIDSDLWNQRRCTPKTYNKEKTLETIRKNCVENLQKAGMALMPVFLVSSIEVAHFDFPHLQFTLLKDLPVHKRHIFMQCLPNVTEAAIDRRKDVLKQKIWLEALKCGASATIPMMVFFKDDIEELEKTLTHYRSSFGLDDKSLENMARDLSLPVEELESTIRSPHLLSCETDESVGDKLVKYLEKVFAVTGGLIATGLYFRKSYYLQNYFLDVVTDDAKILLKKKVFLEECEGSE","F",219,1469,3,"M.glareolus","Irgb10",1,"Irgb10.1"
"Irgb10_refMus","TRINITY_DN27118_c5_g5_i3",74.341,417,107,0,1,417,269,1519,0,629,"MGQTSSTPVADAHNMVSSFDAFFKTFKMESKIISEETISSIQRFMEQGDMQKAISTINAALAEIEKAPLSIAVTGETGAGKSTFINALRGIGQEEIDSARSGVVETTMVREKYTHSKFPNVTIWDLPGVGSTTFKPEEYLKKMKFQEYDFFLIISATRFKENDAQLAKAIGKMKKNFYFVRTKIDSDLWNQRRCTPKTYNKEKTLETIRKNCVENLQKAGMALMPVFLVSSIEVAHFDFPHLQFTLLKDLPVHKRHIFMQCLPNVTEAAIDRRKDVLKQKIWLEALKCGASATIPMMVFFKDDIEELEKTLTHYRSSFGLDDKSLENMARDLSLPVEELESTIRSPHLLSCETDESVGDKLVKYLEKVFAVTGGLIATGLYFRKSYYLQNYFLDVVTDDAKILLKKKVFLEECEGSE","F",269,1519,4,"M.glareolus","Irgb10",2,"Irgb10.2"
"Irga6_refMus","TRINITY_DN27804_c2_g2_i2",65.53,264,91,0,150,413,1,792,4.13e-125,382,"DFFIIVSATRFKKNDIDLAKAISVMKKDFYFVRTKVDSDLKNEKEFKPRTFDRETVLHQIRSSCERIFQENNVEQPPIFLISNKTLSDYDFQILMDKVVNALPVHKRHNFMLSLPNITDAAIERKRQFLKQRIWLEAFATDLLNMIPSLTLLMGNDVENLRKNMNHYRTVFGVDDASLQSLAEDWQVSVDQLKAKMKSPHVFETTKKETIQEKLSRLCEEFCLANGHFIAKNAYVKELFYLKFCFLDMVTDDANALLREICVKN","F",1,792,5,"M.glareolus","Irga2-6",2,"Irga6.2"
"Irga7_refMus","TRINITY_DN29213_c0_g3_i1",67.347,343,112,0,2,344,1034,6,7.37e-145,421,"EALKSIVSKDEDSGDLESSFTNYFKKIKTENKIISQENIHLIESHLKKGNIHLASSVINEALKNIGNTRINIAVIGEYGTGKSSFINALRGIGPEDEGAAEVGVEWTTIERMPYKHPKNKMLILWDLPGIRTVNFSLEDYLEKVKFHEYDFFIIVSSTHFRKLDLDLVKAIRFMKKNYYFVRTKVDLDLDNEKKCKPLTFDRIKTLQQIRSYCVNTFSQNSMDAPHIFLISNRHLSDYDFPVLMDTLIKDLPDQKRHNFMLSLPNITEAAIQMKYNASKQFIWLEALKEGVLATIPALKSLSDSDVQKLEASLNHFRVLFGVDDKSLELIAKEYQVPVEKLKE","R",6,1034,6,"M.glareolus","pseudogene",2,"Irga7.2"
"Irga7_refMus","TRINITY_DN29681_c0_g4_i1",66.962,339,111,1,1,339,249,1262,1.33e-152,440,"MGQVFSDTSKKEDNGGLVSSYNKYFKNIKSGSTIISPKTSHSIEQHLKNGNIQGATSVIRDALKNIDNVPINIAVTGESGAGKSSFINALREVGDDENDAAKVGVVETTMKMTSYKHPKFETLIIWDLPGVGTLKFPPKEYLKKVEFQKYDFFIIASATRFTEHEMELAKVITMMNKNYYFVRTKVDFDIDNEKKCKPRTFDREKILEQIRKSYEKTFEKNEIEKPQIFLISNHNLSDYDFPSLVDILIKDLPAQKRHNFMLSLPNITEPAIDRKHKSMQQTVWSEAFKAGLLATVPVVGILRD-DVEKLKEKLNHYRVLFGVDDESLEVMAKDSQVPV","F",249,1262,7,"M.glareolus","pseudogene",3,"Irga7.3"
"Irga7_refMus","TRINITY_DN29213_c0_g2_i5",64.309,311,111,0,109,419,3,935,1.82e-140,405,"TMRRTPYKHPKIQTLTLWDLPGLGTVNFPPKDYLEKVNFQVYDFFIIVSATRFTKLELDLAKAITFMKKNYYLVRTKVDRDLDNEKKCNPLTFDREKTLHQIRSMYVNTFIENNMDAPQIFMVSNMYLSDYDFPVLMDTLVKDLPAQKRHNFMLSLPNITDAAIQTKYNTSKQLLWLEALKEGVLTAYPALKCISNSEVKKLEEILNHYRALFGVDDKSLELIAKDCQVPVEKLKEKLKSHSLLTNKENETLGEKLFKCVEKFLSVSGGFVATGLYFGKIFYFQFLFLDTVTEDAKVLLKEAYSKESLKFN","F",3,935,8,"M.glareolus","pseudogene",4,"Irga7.4"
"Irga7_refMus","TRINITY_DN29681_c0_g4_i7",68.354,237,74,1,109,345,54,761,7.71e-118,345,"TMKITSYKHPKIKNLKIWDLPGVGTLKFPPKDYLKKVEFQKYDFFIIASATRFTKHEIDLAKVITLMEKNYYFVRTKVDLDLDNEKKCKPLTFDRIKTLQQIRSIYVNAFSRNNMDVPQIFLISNSNLSDYDFPVLMDTLIKDLPAQKRHNFMLSLPNITEAAIDRKHKSMQQYIWMEAFKAGILATVPVVGIIRD-DVEKLKEKLNHYRVLFGVDDESLEFMAKDSQMPVEQLRKI","F",54,761,9,"M.glareolus","pseudogene",5,"Irga7.5"
"Irga7_refMus","TRINITY_DN29213_c0_g3_i2",68.662,284,89,0,2,285,852,1,1.02e-116,347,"EALKSIVSKDEDSGDLESSFTNYFKKIKTENKIISQENIHLIESHLKKGNIHLASSVINEALKNIGNTRINIAVIGEYGTGKSSFINALRGIGPEDEGAAEVGVEWTTIERMPYKHPKNKMLILWDLPGIRTVNFSLEDYLEKVKFHEYDFFIIVSSTHFRKLDLDLVKAIRFMKKNYYFVRTKVDLDLDNEKKCKPLTFDRIKTLQQIRSYCVNTFSQNSMDAPHIFLISNRHLSDYDFPVLMDTLVKDLPTQKRHNLRLFLANITEAAIDRKHKSMQQTVWM","R",1,852,10,"M.glareolus","pseudogene",6,"Irga7.6"
"Irga7_refMus","TRINITY_DN29213_c0_g3_i3",67.958,284,91,0,2,285,852,1,2.5e-116,346,"EALKSIVSKDEDSGDLESSFTNYFKKIKTENKIISQENIHLIESHLKKGNIHLASSVINEALKNIGNTRINIAVIGEYGTGKSSFINTLRGVGPEDEGSAEVGVEWTTIERMPYKHPKNKMLILWDLPGIRTVNFSLEDYLEKVKFHEYDFFIIVSSTHFRKLDLDLVKAIRFMKKNYYFVRTKVDLDLDNEKKCKPLTFDRIKTLQQIRSYCVNTFSQNSMDAPHIFLISNRHLSDYDFPVLMDTLVKDLPTQKRHNLRLFLANITEAAIDRKHKSMQQTVWM","R",1,852,11,"M.glareolus","pseudogene",7,"Irga7.7"
"Irga7_refMus","TRINITY_DN29681_c0_g4_i4",69.697,231,69,1,109,339,54,743,1.81e-114,336,"TMKITSYKHPKIKNLKIWDLPGVGTLKFPPKDYLKKVEFQKYDFFIIASATRFTKHEIDLAKVITLMEKNYYFVRTKVDLDLDNEKKCKPLTFDRIKTLQQIRSIYVNAFSRNNMDVPQIFLISNSNLSDYDFPVLMDTLIKDLPAQKRHNFMLSLPNITEAAIDRKHKSMQQTVWMEACKAGLLATVPVVGILRD-DVEELKVKLNHYRVEFGVDDESLEVMAKDSQVPV","F",54,743,12,"M.glareolus","pseudogene",8,"Irga7.8"
"Irga3_refMus","TRINITY_DN29713_c0_g1_i1",68.033,244,78,0,1,244,733,2,1.25e-106,318,"MGQVFSDTSKKEDNGGLVSSYNKYFKNIKSGSTIISPKTSHSIEQHLKNGNIQGATSVIRDALKNIDNVPINIAVTGESGAGKSSFINALREVGDDENDAAKVGVVETTMKMTSYKHPKFENLIIWDLPGVGTLKFPPKEYLKKVEFQKYDFFIIASATRFTKLEIELAKAITMMNKNYYFVRTKVDFDIDNEKKCKPRTFDREKILEQIRKSYEKTFQENKIDKPQIFLISNHNLSDYDFPRL","R",2,733,13,"M.glareolus","Irga3",1,"Irga3.1"
"Irga4_refMus","TRINITY_DN29213_c0_g7_i1",72.034,236,66,0,49,284,708,1,1.13e-110,326,"GNIQGANSIIRDALKNIDNIPINVAVTGEFGVGKSSLINALMGVGPEDEGAAEVGVVETTMRRTPYKHPKIQTLTLWDLPGLGTVNFPPKDYLEKVNFQEYDFFIIVSATRFKSLELDLAKAITFMKKNYYYVRTKVDQDLENEKQCNPHTFDREKAMQKIRSICVNIFNQNNMDAPHIFLISNSNLSDYDFPVLMDTLVKDLPAQKRHNLRLFLANITEAAIDRKHKSMQQTVWM","R",1,708,14,"M.glareolus","Irga4",1,"Irga4.1"
"Irga7_refMus","TRINITY_DN29628_c2_g2_i3",58.478,289,119,1,126,414,927,64,4.62e-117,345,"WDLPGIGTTKFPPKDYLEKMKFSEYDFFIIVSATRFKKNDIDLAKAVSVMKKDFYFVRTKVDIDLETEKGCK-HAFGRESLLQQIQCHCVNTFKKNNMDVPPIFLISNKNVSDYDFPILKDMLRNKLSTPTLQNFMFSSLSKAEADIERKRELMQRFIWLETIKKEAWASLSIKGILKDSDMEQLKVILNHYRKLFGVDDGTLKLMAKDSQVPLEKLKKVIKSVYLLETKERETLEGKLLKYLEKFASANGGLLATGFYFRKTFYLQLLFLDTVTEDAKVVLRETYSKT","R",64,927,15,"M.glareolus","pseudogene",9,"Irga7.9"
"Irga7_refMus","TRINITY_DN29628_c2_g2_i1",58.657,283,116,1,126,408,944,99,2.24e-115,341,"WDLPGIGTTKFPPKDYLEKMKFSEYDFFIIVSATRFKKNDIDLAKAVSVMKKDFYFVRTKVDIDLETEKGCK-HAFGRESLLQQIQCHCVNTFKKNNMDVPPIFLISNKNVSDYDFPILKDMLRNKLSTPTLQNFMFSSLSKAEADIERKRELMQRFIWLETIKKEAWASLSIKGILKDSDMEQLKVILNHYRKLFGVDDGTLKLMAKDSQVPLEKLKKVIKSVYLLETKERETLEGKLLKYLEKFASANGGLLATGFYFRKTFYLQFLFLDTVTEDAKVLLR","R",99,944,16,"M.glareolus","pseudogene",10,"Irga7.10"
"Irgb10_refMus","TRINITY_DN27118_c5_g5_i4",72.388,268,74,0,150,417,717,1520,1.78e-133,403,"FFLIISATRFKENDAQLAKAIGKMKKNFYFVRTKIDSDLWNQRRCTPKTYNKEKTLETIRKNCVENLQKAGMALMPVFLVSSIEVAHFDFPHLQFTLLKDLPVHKRHIFMQCLPNVTEAAIDRRKDVLKQKIWLEALKCGASATIPMMVFFKDDIEELEKTLTHYRSSFGLDDKSLENMARDLSLPVEELESTIRSPHLLSCETDESVGDKLVKYLEKVFAVTGGLIATGLYFRKSYYLQNYFLDVVTDDAKILLKKKVFLEECEGSE","F",717,1520,17,"M.glareolus","Irgb10",3,"Irgb10.3"
"Irgb5*_refMus","TRINITY_DN28997_c1_g3_i2",79.455,404,83,0,1,404,1339,128,0,632,"MGQTSSSTPPQKEEPDLTSSFDTNLQNFKMETKILSQELTTLIGSYLENGNLRGAVSAISDALSDIEKAPLNIAVMGETGAGKSSLINALQGVGPDEEGAAASTGVTCTTTERTAYTYSKVPSVTLWDLPGIGSTAFQPHDYLKKIKFEEYDFFIIVSSGRFKHNDAELAKAIVQVNRRFYFVRTHTDHDLMVQKQCSPQRFNRENTLKQIRNSISSILKEVTQQEPPVFLVSNFDVSDFDFPKLEDTLLRELPAQKRHVFMLTLSVVTQSAVDQKRDTLKQKVWKDSVMPRAWITIPFKGWTKNDIEKLEETLNLCRSSFGLDEASLENIAEDSHMALEELKENIKSPHLFSEEEGKSLTDKLLEHISHPYFSKTFHLHNFFIDTVANDVKILLSKEELFTER","R",128,1339,18,"M.glareolus","Irgb5*",1,"Irgb5*.1"
"Irgb10_refMus","TRINITY_DN28136_c3_g4_i1",74.216,287,74,0,1,287,863,3,1.37e-147,425,"MGQTSSTPVADAHNMVSSFDAFFKTFKMESKIISEETISSIQRFMEQGDMQKAISTINAALAEIEKAPLSIAVTGETGAGKSTFINALRGIGQEEIDSARSGVVETTMVREKYTHSKFPNVTIWDLPGVGSTTFKPEEYLKKMKFQEYDFFLIISATRFKENDAQLAKAIGKMKKNFYFVRTKIDSDLWNQRRCTPKTYNKEKTLETIRKNCVENLQKAGMALMPVFLVSSIEVAHFDFPHLQFTLLKDLPVHKRHIFMQCLPNVTEAAIDRRKDVLKQKIWLEALK","R",3,863,19,"M.glareolus","Irgb10",4,"Irgb10.4"
"Irgm1_refMus","TRINITY_DN20207_c0_g1_i2",68.262,397,123,1,1,394,1362,172,0,538,"MAETPYAPLKSSFPFATSYQTGDSTLHELNRTVERALKEGKLLDVVHGIKQTVETLSQTPVNITVTGNSGNGMSSFINALRIIGHEEDDSAPSGVVRTTQTRAKYSSSHFPNVILWDLPGLGATAQTIDSYREEMEFSMYDLFIIIASEQFSSNHVNLAKVIQGMGKRFYIVWTKLDRDLRPHAHSETPLVQTIRENIQKELQKERVNEPPIFLVSSLDPLLYDFPRLRDTLHKDLSNIRCCGPLSTLSSAFEKTIDDRAASLRKRIDEGCSERPLSIRDNEDVRECLRTYRLKFGVDDESLQQVAQSMGTVVQVYKADMKSQTLHTLRRGDWRLRLMTCGFVNGFFRILKNLPGFRRCVPCFGRMRHKRVLLSVAQDTKTILKKIMKDSISPSQI*","R",172,1362,20,"M.glareolus","Irgm1",1,"Irgm1.1"
"Irgm1_refMus","TRINITY_DN29135_c4_g1_i1",68.01,397,124,1,1,394,239,1429,0,535,"MAETPYAPLKSSFPFATSYQTGDSTLHELNRTVERALKEGKLLDVVHGIKQTVETLSQTPVNITVTGNSGNGMSSFINALRIIGHEEDDSAPSGVVRTTQTRAKYSSSHFPNVILWDLSGLGATAQTIDSYREEMEFSMYDLFIIIASEQFSSNHVNLAKVIQGMGKRFYIVWTKLDRDLRPHAHSETPLVQTIRENIQKELQKERVNEPPIFLVSSLDPLLYDFPRLRDTLHKDLSNIRCCGPLSTLSSAFEKTIDDRAASLRKRIDEGCSERPLSIRDNEDVRECLRTYRLKFGVDDESLQQVAQSMGTVVQVYKADMKSQTLHTLRRGDWRLRLMTCGFVNGFFRILKNLPGFRRCVPCFGRMRHKRVLLSVAQDTKTILKKIMKDSISPSQI*","F",239,1429,21,"M.glareolus","Irgm1",2,"Irgm1.2"
"Irgb5*_refMus","TRINITY_DN29671_c0_g1_i3",83.966,237,38,0,1,237,346,1056,1.36e-132,385,"MGQTSSSTPPQKEEPDLTSSFDTNLQNFKMETKILSQELTALIGSYLENGNLRGAVSAISDALSDIEKAPLNIAVMGETGAGKSSLINALQEVGPDEEGAAASTGVTCTTTERTAYPYSKVPSVTLWDLPGIGSTAFQPHDYLKKIKFEEYDFFIIVSSGRFKHNDAELAKAIVQVNRRFYFVQTHTDNDLMAQKQCNPQRFNKENTLKQIRNSISSILKEVTQQEPPVFLVSNFDV","F",346,1056,22,"M.glareolus","Irgb5*",2,"Irgb5*.2"
"Irgb5_refMus","TRINITY_DN29671_c0_g1_i3",83.966,237,38,0,1,237,346,1056,1.92e-131,385,"MGQTSSSTPPQKEEPDLTSSFDTNLQNFKMETKILSQELTALIGSYLENGNLRGAVSAISDALSDIEKAPLNIAVMGETGAGKSSLINALQEVGPDEEGAAASTGVTCTTTERTAYPYSKVPSVTLWDLPGIGSTAFQPHDYLKKIKFEEYDFFIIVSSGRFKHNDAELAKAIVQVNRRFYFVQTHTDNDLMAQKQCNPQRFNKENTLKQIRNSISSILKEVTQQEPPVFLVSNFDV","F",346,1056,22,"M.glareolus","IrgbTandem",1,"Irgb5.1"
"Irgb5*_refMus","TRINITY_DN29671_c0_g1_i2",83.122,237,40,0,1,237,346,1056,6.6e-131,381,"MGQTSSSTPPQKEEPDLTSSLDTNLHNFKMETKIMSQELIALIGSYLEEGNLRGAVSAISDALSDIEKAPLNIAVMGETGAGKSSLINALQEVGPDEEGAAASTGVTCTTTERTAYPYSKVPSVTLWDLPGIGSTAFQPHDYLKKIKFEEYDFFIIVSSGRFKHNDAELAKAIVQVNRRFYFVQTHTDNDLMAQKQCNPQRFNKENTLKQIRNSISSILKEVTQQEPPVFLVSNFDV","F",346,1056,23,"M.glareolus","Irgb5*",3,"Irgb5*.3"
"Irgb5_refMus","TRINITY_DN29671_c0_g1_i2",83.122,237,40,0,1,237,346,1056,1.08e-129,381,"MGQTSSSTPPQKEEPDLTSSLDTNLHNFKMETKIMSQELIALIGSYLEEGNLRGAVSAISDALSDIEKAPLNIAVMGETGAGKSSLINALQEVGPDEEGAAASTGVTCTTTERTAYPYSKVPSVTLWDLPGIGSTAFQPHDYLKKIKFEEYDFFIIVSSGRFKHNDAELAKAIVQVNRRFYFVQTHTDNDLMAQKQCNPQRFNKENTLKQIRNSISSILKEVTQQEPPVFLVSNFDV","F",346,1056,23,"M.glareolus","IrgbTandem",2,"Irgb5.2"
"Irgb5*_refMus","TRINITY_DN29671_c0_g1_i4",82.949,217,37,0,1,217,346,996,1.7e-117,347,"MGQTSSSTPPQKEEPDLTSSLDTNLHNFKMETKIMSQELIALIGSYLEEGNLRGAVSAISDALSDIEKAPLSIAVMGETGAGKSSLINALQEVGPDEEGAAASTGVTCTTTERTAYPYSKVPSVTLWDLPGIGSTAFQPHDYLKKIKFEEYDFFIIVSSGRFKHNDAELAKAIVQVNRRFYFVRTHTDHDLMVQKQCSPQRFNRENTLKQIRNSISS","F",346,996,24,"M.glareolus","Irgb5*",4,"Irgb5*.4"
"Irgb6*_refMus","TRINITY_DN28685_c0_g1_i3",75.585,299,73,0,116,414,1591,695,5.96e-153,444,"GIGSTSFPPEKYLTEMKFGEYDFFIIISTSRFKENDAQLAKAIERMNMNFYFVRAKIDSDIYNEKRSKPKAFNEEKVLKNILEECSRHLKEALSSEPPVFLVSNFDTSKYDFPKLESKLLYDLPAHKRHVFMLSLSSVTEATINLKRDSLKQKVFLEALKAGAWATIPFVGMIRDELEDLDETFNLFRSYFGLDDASLEEIAKDFNMSVAEFKVHLRFPHLFTEDDDVSLGRKLLKYIQKFSSVTGGPVAAGIYFKKSYYLQNLFIDAAANDAIALLNKESLLENKVGPYVSKPPDYWE","R",695,1591,25,"M.glareolus","Irgb6",1,"Irgb6*.1"
"Irgb6_refMus","TRINITY_DN28685_c0_g1_i3",75.585,299,73,0,116,414,1591,695,5.96e-153,444,"GIGSTSFPPEKYLTEMKFGEYDFFIIISTSRFKENDAQLAKAIERMNMNFYFVRAKIDSDIYNEKRSKPKAFNEEKVLKNILEECSRHLKEALSSEPPVFLVSNFDTSKYDFPKLESKLLYDLPAHKRHVFMLSLSSVTEATINLKRDSLKQKVFLEALKAGAWATIPFVGMIRDELEDLDETFNLFRSYFGLDDASLEEIAKDFNMSVAEFKVHLRFPHLFTEDDDVSLGRKLLKYIQKFSSVTGGPVAAGIYFKKSYYLQNLFIDAAANDAIALLNKESLLENKVGPYVSKPPDYWE","R",695,1591,25,"M.glareolus","Irgb6",1,"Irgb6.1"
"Irgd_refMus","TRINITY_DN28914_c2_g1_i1",73.159,421,113,0,1,421,141,1403,0,592,"MDDFISAFLKNASGKNFQKLSMEFLPHYSALVSKVGGILSPETLGCIQKAIREGKLSDLVGQIQEALAAAEKASLAIAVIGESGAGKSSFINALRGLSHEAEESATVGVVETTMHRTPYQHPKYPQVTFWDLPGTGTPNFLSDTYLEKVEFASYDFFIIISSSRFSVNDALLAQKIKDVGKKFYFVRTKVDSDLYNEEKTKPTTFKKERVLQQIRDYCLANLSDIGVSEPRIFLISNFDLADFDFPKLEETLLMELPGHKRHTFALLLPNIADASIEIKRNFLKEKIWLEALKSAAQSFIPFMPFLNGFNLPEQEQCLKDYRRYFGLDDKSIEEIAAQLGTSVEDIRGSLKCLDFWSLVKDDSIAAKIVKGAESFYAVEGGPGSSVIQGLKVYILRLKFLDMVADDAKCLLNMIKAGNTA*","F",141,1403,26,"M.glareolus","Irgd",1,"Irgd.1"
"Irgb8_refMus","TRINITY_DN29671_c0_g3_i1",80.976,205,35,1,218,422,1,603,1.76e-116,342,"LVSNFDVSDFDFPELETTLLSELPAHKRHIFMLSLHSVTETAIDRKRDFLKQKIWLEALKAGAWATIPFGGLVLDKIQKVEETLDLYRSYFGLDDASLENIAKDFHVSVNEIKAHLKSLHLLTRTNDMSLEEKLWKYIEYVSSVTGGPLAAGLYFRKTFYLKNLFIDTVASDAKALLNKEEFLSEK----LTDPPEYWEAAMEL*","F",1,603,27,"M.glareolus","IrgbTandem",1,"Irgb8.1"
"Irgb4_refMus","TRINITY_DN29671_c0_g3_i1",81.463,205,34,1,238,442,1,603,2.45e-116,342,"LVSNFDVSDFDFPELETTLLSELPAHKRHIFMLSLHSVTETAIDRKRDFLKQKIWLEALKAGAWATIPFGGLVLDKIQKVEETLDLYRSYFGLDDASLENIAKDFHVSVNEIKAHLKSLHLLTRTNDMSLEEKLWKYIEYVSSVTGGPLAAGLYFRKTFYLKNLFIDTVASDAKALLNKEEFLSEK----LTDPPEYWEAAMEL*","F",1,603,27,"M.glareolus","IrgbTandem",1,"Irgb4.1"
"Irgb6*_refMus","TRINITY_DN28685_c0_g1_i1",67.442,301,98,0,114,414,3,905,2.89e-127,379,"LPGIGTTSFTPENYLTEMKFREYDFFIIISASRFKENDAQLAKVIAKTEMKFYFVRTKIDNELYNEKKSKPKSFNSENVLMKIREDCSKQLKDVLSSEPPVFLVSNFETSKYDFPKLESKLLYDLPVHKRQIFMLSLSSVTEATINLKREFQKQKIFLEALKAGAWAAIPFVGVIRDELEDLDETFNQFRSYFGLDDASLEKIANEFNIPLNELKAHLWFPRLFAENDHVSFRTKLENYIERVSLAIGGPGAAYYYYKKSYYLQNLFIDAAANDAIALLNMKNLFKEKMGPYISKPPDFWE","F",3,905,28,"M.glareolus","Irgb6",2,"Irgb6*.2"
"Irgb6_refMus","TRINITY_DN28685_c0_g1_i1",67.442,301,98,0,114,414,3,905,2.89e-127,379,"LPGIGTTSFTPENYLTEMKFREYDFFIIISASRFKENDAQLAKVIAKTEMKFYFVRTKIDNELYNEKKSKPKSFNSENVLMKIREDCSKQLKDVLSSEPPVFLVSNFETSKYDFPKLESKLLYDLPVHKRQIFMLSLSSVTEATINLKREFQKQKIFLEALKAGAWAAIPFVGVIRDELEDLDETFNQFRSYFGLDDASLEKIANEFNIPLNELKAHLWFPRLFAENDHVSFRTKLENYIERVSLAIGGPGAAYYYYKKSYYLQNLFIDAAANDAIALLNMKNLFKEKMGPYISKPPDFWE","F",3,905,28,"M.glareolus","Irgb6",2,"Irgb6.2"
"Irgd_refMus","TRINITY_DN29549_c4_g5_i1",73.159,421,113,0,1,421,2340,1078,0,592,"MDDFISAFLKNASGKNFQKLSMEFLPHYSALVSKVGGILSPETLGCIQKAIREGKLSDLVGQIQEALAAAEKASLAIAVIGESGAGKSSFINALRGLSHEAEESATVGVVETTMHRTPYQHPKYPQVTFWDLPGTGTPNFLSDTYLEKVEFASYDFFIIISSSRFSVNDALLAQKIKDVGKKFYFVRTKVDSDLYNEEKTKPTTFKKERVLQQIRDYCLANLSDIGVSEPRIFLISNFDLADFDFPKLEETLLMELPGHKRHTFALLLPNIADASIEIKRNFLKEKIWLEALKSAAQSFIPFMPFLNGFNLPEQEQCLKDYRRYFGLDDKSIEEIAAQLGTSVEDIRGSLKCLDFWSLVKDDSIAAKIVKGAESFYAVEGGPGSSVIQGLKVYILRLKFLDMVADDAKCLLNMIKAGNTA*","R",1078,2340,29,"M.glareolus","Irgd",2,"Irgd.2"
"Irgd_refMus","TRINITY_DN28914_c2_g1_i2",73.159,421,113,0,1,421,141,1403,0,592,"MDDFISAFLKNASGKNFQKLSMEFLPHYSALVSKVGGILSPETLGCIQKAIREGKLSDLVGQIQEALAAAEKASLAIAVIGESGAGKSSFINALRGLSHEAEESATVGVVETTMHRTPYQHPKYPQVTFWDLPGTGTPNFLSDTYLEKVEFASYDFFIIISSSRFSVNDALLAQKIKDVGKKFYFVRTKVDSDLYNEEKTKPTTFKKERVLQQIRDYCLANLSDIGVSEPRIFLISNFDLADFDFPKLEETLLMELPGHKRHTFALLLPNIADASIEIKRNFLKEKIWLEALKSAAQSFIPFMPFLNGFNLPEQEQCLKDYRRYFGLDDKSIEEIAAQLGTSVEDIRGSLKCLDFWSLVKDDSIAAKIVKGAESFYAVEGGPGSSVIQGLKVYILRLKFLDMVADDAKCLLNMIKAGNTA*","F",141,1403,30,"M.glareolus","Irgd",3,"Irgd.3"
"Irgd_refMus","TRINITY_DN28914_c2_g1_i3",73.159,421,113,0,1,421,318,1580,0,592,"MDDFISAFLKNASGKNFQKLSMEFLPHYSALVSKVGGILSPETLGCIQKAIREGKLSDLVGQIQEALAAAEKASLAIAVIGESGAGKSSFINALRGLSHEAEESATVGVVETTMHRTPYQHPKYPQVTFWDLPGTGTPNFLSDTYLEKVEFASYDFFIIISSSRFSVNDALLAQKIKDVGKKFYFVRTKVDSDLYNEEKTKPTTFKKERVLQQIRDYCLANLSDIGVSEPRIFLISNFDLADFDFPKLEETLLMELPGHKRHTFALLLPNIADASIEIKRNFLKEKIWLEALKSAAQSFIPFMPFLNGFNLPEQEQCLKDYRRYFGLDDKSIEEIAAQLGTSVEDIRGSLKCLDFWSLVKDDSIAAKIVKGAESFYAVEGGPGSSVIQGLKVYILRLKFLDMVADDAKCLLNMIKAGNTA*","F",318,1580,31,"M.glareolus","Irgd",4,"Irgd.4"
"Irgb4_refMus","TRINITY_DN29671_c0_g3_i4",80.488,205,35,2,238,442,1,600,6.75e-111,335,"LVSNFDVSDFDFPELETTLLSELPAHKRHIFMLSLHSVTETAIDRKRDFLKQKIWLEALKAGAWATIPFGGLVLDKIQKVEETLDLYRSYFGLDDASLENIAKDFHVSVNEIKAHLKSLHLLTRTNDMSLEEKLWKYIEYVSSVTGGPLATGIYFRKTFYLKNLFIDTVASDAKTLLNK-EFLSEK----LTDPPEYWEAAMEL*","F",1,600,32,"M.glareolus","IrgbTandem",2,"Irgb4.2"
"Irgb4_refMus","TRINITY_DN29671_c0_g3_i3",80.488,205,35,2,238,442,1,600,2.13e-105,335,"LVSNFDVSDFDFPELETTLLSELPAHKRHIFMLSLHSVTETAIDRKRDFLKQKIWLEALKAGAWATIPFGGLVLDKIQKVEETLDLYRSYFGLDDASLENIAKDFHVSVNEIKAHLKSLHLLTRTNDMSLEEKLWKYIEYVSSVTGGPLATGIYFRKTFYLKNLFIDTVASDAKTLLNK-EFLSEK----LTDPPEYWEAAMEL*","F",1,600,33,"M.glareolus","IrgbTandem",3,"Irgb4.3"
"Irgb4_refMus","TRINITY_DN29671_c0_g3_i2",80.488,205,35,2,238,442,1,600,2.31e-105,335,"LVSNFDVSDFDFPELETTLLSELPAHKRHIFMLSLHSVTETAIDRKRDFLKQKIWLEALKAGAWATIPFGGLVLDKIQKVEETLDLYRSYFGLDDASLENIAKDFHVSVNEIKAHLKSLHLLTRTNDMSLEEKLWKYIEYVSSVTGGPLATGIYFRKTFYLKNLFIDTVASDAKTLLNK-EFLSEK----LTDPPEYWEAAMEL*","F",1,600,34,"M.glareolus","IrgbTandem",4,"Irgb4.4"
"Irgb6*_refMus","TRINITY_DN28685_c0_g5_i1",76.168,214,51,0,201,414,3,644,6.14e-102,311,"SRHLKEALSSEPPVFLVSNFDTSKYDFPKLESKLLYDLPAHKRHVFMLSLSSVTEATINLKRDSLKQKVFLEALKAGAWATIPFVGMIRDELEDLDETFNLFRSYFGLDDASLEEIAKDFNMSVAEFKVHLRFPHLFTEDDDVSLGRKLLKYIQKFSSVTGGPVAAGIYFKKSYYLQNLFIDAAANDAIALLNKESLLENKVGPYVSKPPDYWE","F",3,644,35,"M.glareolus","Irgb6",3,"Irgb6*.3"
"Irgb6_refMus","TRINITY_DN28685_c0_g5_i1",76.168,214,51,0,201,414,3,644,6.14e-102,311,"SRHLKEALSSEPPVFLVSNFDTSKYDFPKLESKLLYDLPAHKRHVFMLSLSSVTEATINLKRDSLKQKVFLEALKAGAWATIPFVGMIRDELEDLDETFNLFRSYFGLDDASLEEIAKDFNMSVAEFKVHLRFPHLFTEDDDVSLGRKLLKYIQKFSSVTGGPVAAGIYFKKSYYLQNLFIDAAANDAIALLNKESLLENKVGPYVSKPPDYWE","F",3,644,35,"M.glareolus","Irgb6",3,"Irgb6.3"
"Irgm3_refMus","TRINITY_DN27700_c3_g1_i7",61.098,419,158,3,4,422,1583,342,5.45e-170,495,"VTMWLNMMWKAITLFVNMA---KSLISPSSKSNTTKESFYTNQILRSQEVNKKIGEAVKEGNTLKLICVANNIMQSMSRHPIRIAVTGDSGNGMSSFINALREIGHEEEDSAPTGVVRTTQKPALYSS-FKFPNVDLWDLPGTGVTSQSMENYLEEMDFDKYDLIIIIASEQFSSNHVKLAKAMQSMRRRFYVVWTKLDRDLNTSALPEPQLRENIQKNIQENLQKEGVEEPPIFLVSNFSPSFDDFQKLRVTLRRDLYDIRYIDSLETLSGICDRHISEKAFSLK-DSMHTRPQEIAVSRMCDTADLQESFENYQKLFGVDDGSLQQVAQRTGTLQMGCMAMKFHQLHTKDWRLRLMMSFPVYMFLKCLEVSWWYGLWNFFTRGLRLWRQGLIIEIAAQNAKTVWRHVLKDNTHLTEV","R",342,1583,36,"M.glareolus","Irgm3",1,"Irgm3.1"
"Irgm3_refMus","TRINITY_DN27700_c3_g1_i8",60.859,419,159,3,4,422,492,1733,1.97e-169,493,"VTMWLNMMWKAITLFVNMA---KSLISPSSKSNTTKESFYTNQILRSQEVNKKIGEAVKEGNTLKLICVANNIMQSMSRHPIRIAVTGDSGNGMSSFINALREIGHEEEDSAPTGVVRTTQKPALYSS-FKFPNVDLWDLPGTGVTSQSMENYLEEMDFDKYDLIIIIASEQFSSNHVKLAKAMQSMRRRFYVVWTKLDRDLNTSALPEPQLRENIHKNIQENLQKEGVEEPPIFLVSNFSPSFDDFQKLRVTLRRDLYDIRYIDSLETLSGICDRHISEKAFSLK-DSMHTRPQEIAVSRMCDTADLQESFENYQKLFGVDDGSLQQVAQRTGTLQMGCMAMKFHQLHTKDWRLRLMMSFPVYMFLKCLEVSWWYGLWNFFTRGLRLWRQGLIIEIAAQNAKTVWRHVLKDNTHLTEV","F",492,1733,37,"M.glareolus","Irgm3",2,"Irgm3.2"
"Irgm3_refMus","TRINITY_DN27700_c3_g1_i1",61.93,373,140,2,50,422,1454,342,2.25e-152,448,"SKEDVKNFEIAVDKGNWVEFISIVKQIKQNPPRPTVKIAVTGDSGNGMSSFINALREIGHEEEDSAPTGVVRTTQKPALYSS-FKFPNVDLWDLPGTGVTSQSMENYLEEMDFDKYDLIIIIASEQFSSNHVKLAKAMQSMRRRFYVVWTKLDRDLNTSALPEPQLRENIQKNIQENLQKEGVEEPPIFLVSNFSPSFDDFQKLRVTLRRDLYDIRYIDSLETLSGICDRHISEKAFSLK-DSMHTRPQEIAVSRMCDTADLQESFENYQKLFGVDDGSLQQVAQRTGTLQMGCMAMKFHQLHTKDWRLRLMMSFPVYMFLKCLEVSWWYGLWNFFTRGLRLWRQGLIIEIAAQNAKTVWRHVLKDNTHLTEV","R",342,1454,38,"M.glareolus","Irgm3",3,"Irgm3.3"
"Irgm3_refMus","TRINITY_DN27700_c3_g1_i6",48.095,420,178,7,11,421,2123,957,3.08e-113,354,"MWKAITLFVNMA---KSLISPSSKSNTTKESFYTNQILRSQEVNKKIGEAVKEGNTLKLICVANNIMQSMSRHPIRIAVTGDSGNGMSSFINALREIGHEEEDSAPTGVVRTTQKPALYSS-FKFPNVDLWDLPGTGVTSQSMENYLEEMDFDKYDLIIIIASEQFSSNHVKLAKAMQSMRRRFYVVWTKLDRDLSIGGLPEPQLRENIHKNIQENLQKEGVEEPPIFLVSNVSPSFDGFQKLRDTLRRDLTIIMYDSLLGTLFQICKEIISKKVEFIKGIIKEDNLQERFEIS-----DPNSLAECQKVFQEHFGVDNKSLRRVARIMSQSDTYFTDGMQSQDQQDGWILSLPHKLYVACCYF----------------------SLTHMQQACVLDEAAEKTKKIVNKILKDTILSEE","R",957,2123,39,"M.glareolus","Irgm3",4,"Irgm3.4"
"Irgm2_refMus","TRINITY_DN27700_c3_g1_i6",54.599,337,135,4,58,392,1931,969,1.03e-113,354,"QSMSRHPIRIAVTGDSGNGMSSFINALREIGHEEEDSAPTGVVRTTQKPALYSSFKFPNVDLWDLPGTGVTSQSMENYLEEMDFDKYDLIIIIASEQFSSNHVKLAKAMQSMRRRFYVVWTKLDRDLSIGGLPEPQLRENIHKNIQENLQKEGVEEPPIFLVSNVSPSFDGFQKLRDTLRRDLTIIMYDSLLGTLFQICKEIISKKVEFIKGIIKEDNLQERFEISDPNSLAECQKVFQEHFGVDNKSLRRVARIMSQSDTYFTDGMQSQD----QQDGWILSLPHKL----------YVACCYFSLTH--MQQACVLDEAAEKTKKIVNKILKDTI","R",969,1931,39,"M.glareolus","Irgm2",1,"Irgm2.1"
"Irgm2_refMus","TRINITY_DN27700_c3_g1_i5",54.896,337,134,4,58,392,705,1667,2.01e-111,357,"QSMSRHPIRIAVTGDSGNGMSSFINALREIGHEEEDSAPTGVVRTTQKPVLYSSSKFPNVDLWDLPGTGVTSQSMENYLEEMDFDKYDLIIIIASEQFSSNHVKLAKAMQSMRRRFYVVWTKLDRDLSIGGLPEPQLRENIHKNIQENLQKEGVEEPPIFLVSNVSPSFDGFQKLRDTLRRDLTIIMYDSLLGTLFQICKEIISKKVEFIKGIIKEDNLQERFEISDPNSLAECQKVFQEHFGVDNKSLRRVARIMSQSDTYFTDGMQSQD----QQDGWILSLPHKL----------YVACCYFSLTH--MQQACVLDEAAEKTKKIVNKILKDTI","F",705,1667,40,"M.glareolus","Irgm2",2,"Irgm2.2"
"Irgm2_refMus","TRINITY_DN27700_c3_g1_i4",53.807,394,164,4,1,392,2102,969,5.86e-122,374,"MEEAVGSPEDKQGTCFSNPVVISKDHCNLSKEDVKNFEIAVDKGNWVEFISIVKQIKQNPPRPTVKIAVTGDSGNGMSSFINALREIGHEEEDSAPTGVVRTTQKPALYSSFKFPNVDLWDLPGTGVTSQSMENYLEEMDFDKYDLIIIIASEQFSSNHVKLAKAMQSMRRRFYVVWTKLDRDLSIGGLPEPQLRENIHKNIQENLQKEGVEEPPIFLVSNVSPSFDGFQKLRDTLRRDLTIIMYDSLLGTLFQICKEIISKKVEFIKGIIKEDNLQERFEISDPNSLAECQKVFQEHFGVDNKSLRRVARIMSQSDTYFTDGMQSQD----QQDGWILSLPHKL----------YVACCYFSLTHM--QQACVLDEAAEKTKKIVNKILKDTI","R",969,2102,41,"M.glareolus","Irgm2",3,"Irgm2.3"
"Irgm2_refMus","TRINITY_DN27700_c3_g1_i2",54.061,394,163,4,1,392,327,1460,6.2e-119,377,"MEEAVGSPEDKQGTCFSNPVVISKDHCNLSKEDVKNFEIAVDKGNWVEFISIVKQIKQNPPRPTVKIAVTGDSGNGMSSFINALREIGHEEEDSAPTGVVRTTQKPVLYSSSKFPNVDLWDLPGTGVTSQSMENYLEEMDFDKYDLIIIIASEQFSSNHVKLAKAMQSMRRRFYVVWTKLDRDLSIGGLPEPQLRENIHKNIQENLQKEGVEEPPIFLVSNVSPSFDGFQKLRDTLRRDLTIIMYDSLLGTLFQICKEIISKKVEFIKGIIKEDNLQERFEISDPNSLAECQKVFQEHFGVDNKSLRRVARIMSQSDTYFTDGMQSQD----QQDGWILSLPHKL----------YVACCYFSLTHM--QQACVLDEAAEKTKKIVNKILKDTI","F",327,1460,42,"M.glareolus","Irgm2",4,"Irgm2.4"
"Irgq_refMus","TRINITY_DN28948_c2_g1_i3",94.198,293,17,0,1,293,881,3,1.31e-115,351,"MPLPQGDVTALFLGPPGSGKSALISALCGKNVETVEIPEGRPDSGVPVLRAAAPGLFLGELSCPPAAPGPWAAEANLLVLVLPGSEGTEEPLTPALGEAARAALARGTPLLAVRNLRPGDSQNETQARDQTAALLNSAGLGAAPLFVLPADCSSSDRCEELERLQVVLRTQAEALQRLLPPAQDGFEVLGAAELEAVREAFETGGLEAALSWVRAGLERLGSARLDLAVAGATNVGLVLDMLLGLDPGDPGAAPASEPTGPTPYPAPERPNVVLWTVPLGSTATSPPAPPHPT","R",3,881,43,"M.glareolus","Irgq",1,"Irgq.1"
"Irgq_refMus","TRINITY_DN28948_c2_g1_i1",94.198,293,17,0,1,293,881,3,6.1e-115,352,"MPLPQGDVTALFLGPPGSGKSALISALCGKNVETVEIPEGRPDSGVPVLRAAAPGLFLGELSCPPAAPGPWAAEANLLVLVLPGSEGTEEPLTPALGEAARAALARGTPLLAVRNLRPGDSQNETQARDQTAALLNSAGLGAAPLFVLPADCSSSDRCEELERLQVVLRTQAEALQRLLPPAQDGFEVLGAAELEAVREAFETGGLEAALSWVRAGLERLGSARLDLAVAGATNVGLVLDMLLGLDPGDPGAAPASEPTGPTPYPAPERPNVVLWTVPLGSTATSPPAPPHPT","R",3,881,44,"M.glareolus","Irgq",2,"Irgq.2"
"Irgq_refMus","TRINITY_DN28948_c2_g2_i1",95.105,286,14,0,1,286,187,1044,7.42e-112,343,"MPLPQGDVTALFLGPPGSGKSALISALCGKNVETVEIPEGRPDSGVPVLRAAAPGLFLGELSCPPAAPGPWAAEANLLVLVLPGSEGTEEPLTPALGEAARAALARGTPLLAVRNLRPGDSQNETQARDQTAALLNSAGLGAAPLFVLPADCSSSDRCEELERLQVVLRTQAEALQRLLPPAQDGFEVLGAAELEAVREAFETGGLEAALSWVRAGLERLGSARLDLAVAGATNVGLVLDMLLGLDPGDPGAAPASEPTGPTPYPAPERPNVVLWTVPLGSTATSP","F",187,1044,45,"M.glareolus","Irgq",3,"Irgq.3"
"Irgq_refMus","TRINITY_DN28948_c2_g2_i2",95.105,286,14,0,1,286,292,1149,1.88e-111,343,"MPLPQGDVTALFLGPPGSGKSALISALCGKNVETVEIPEGRPDSGVPVLRAAAPGLFLGELSCPPAAPGPWAAEANLLVLVLPGSEGTEEPLTPALGEAARAALARGTPLLAVRNLRPGDSQNETQARDQTAALLNSAGLGAAPLFVLPADCSSSDRCEELERLQVVLRTQAEALQRLLPPAQDGFEVLGAAELEAVREAFETGGLEAALSWVRAGLERLGSARLDLAVAGATNVGLVLDMLLGLDPGDPGAAPASEPTGPTPYPAPERPNVVLWTVPLGSTATSP","F",292,1149,46,"M.glareolus","Irgq",4,"Irgq.4"
"Irga6_refMus","TRINITY_DN21941_c0_g5_i1",68.049,410,130,1,5,413,123,1352,0,589,"LSSSKDERHQDLASSFKEYFKKFKVGSKIIPQETIASIALSLSQGNMQGANFSITNALKEIDSTPLNVAVTGETGSGKSSFINALRGVGHEDKDAAKIGVVETTMERHPYTHPNIPNVVFWDLPGIGSTSFPPKDYLEKMKFNEYDFFIIVSATRFKKNDIDLAKAISMMKKDFYFVRTKVDSDLKNEKEFKPRTFDREKVLQQIRSSCVRTFEENNVEVPPIFLISNKNLSDYDFQILMDKIMNALPVHKRHNFMLSLPNITDAAIERKRQFLKQRIYLEAFATAILNMIPSLTLLMGNDVENLRKSMNHYRAVFGVDDASLERLAEDWRVLVDQLKAKMKSPHVFETTKEETTIQERLSRLYEEFCLANGHLFAKNVYVKELFYLKFCFLDMVTDDANVLLREICVKN","F",123,1352,1,"M.arvalis","Irga2-6",1,"Irga6.1"
"Irga6_refMus","TRINITY_DN21941_c0_g3_i3",68.049,410,130,1,5,413,2642,1413,0,589,"LSSSKDERHQDLASSFKEYFKKFKVGSKIIPQETIASIALSLSQGNMQGANFSITNALKEIDSTPLNVAVTGETGSGKSSFINALRGVGHEDKDAAKIGVVETTMERHPYTHPNIPNVVFWDLPGIGSTSFPPKDYLEKMKFNEYDFFIIVSATRFKKNDIDLAKAISMMKKDFYFVRTKVDSDLKNEKEFKPRTFDREKVLQQIRSSCVRTFEENNVEVPPIFLISNKNLSDYDFQILMDKIMNALPVHKRHNFMLSLPNITDAAIERKRQFLKQRIYLEAFATAILNMIPSLTLLMGNDVENLRKSMNHYRAVFGVDDASLERLAEDWRVLVDQLKAKMKSPHVFETTKEETTIQERLSRLYEEFCLANGHLFAKNVYVKELFYLKFCFLDMVTDDANVLLREICVKN","R",1413,2642,2,"M.arvalis","Irga2-6",2,"Irga6.2"
"Irgb10_refMus","TRINITY_DN23245_c2_g1_i13",75.779,417,101,0,1,417,3062,4312,0,645,"MGQTSSTSDANAHNMASSFNAFFKTFKMESKVISEETISSVQRFMEQGDIQKTISTINAALAEVENAPLSIAVTGETGAGKSTFINALRGIGHEETDSARSGAVETTMVREKYTHSKFPNVTIWDLPGVGSTTFKPEEYLKKMKFQEYDFFLIISATRFKENDAQLAKAIKKMKKNFYFVRTKIDSDLWNQERCTPKTYSREKTLEAIRENCVESLQKAGTASTQVFLVSSVEVARFDFPLLESTLLKELPAHKRHIFMQCLPNVTEAAIDRRKDVLKQKIWLEALKSGASATIPLMVFFKDDIEDLEKTLDHYRSCFGLDDKSLENMARDLSLPVEELESTIRSPHLLSCETGESVGDKLVKYLEKVFAVTGGLIATGLYFRKSYYLQNYFLDIVTDDAKTLLKKKVFLEEREDSE","F",3062,4312,3,"M.arvalis","Irgb10",1,"Irgb10.1"
"Irga7_refMus","TRINITY_DN23910_c5_g1_i7",66.667,351,116,1,66,416,1,1050,2.68e-155,444,"IDNIPINIAVTGESGAGKSSLINALRGVRPQDEDAADIGVVETTMRRTAYKHPKIKTLTLWDLPGVGTMNFPPKDYLEKVNFQEYDFFIIVSATRFTKLELDLAKAIKFMKKNYYFVRTKVDNDLQNEKKSKARTFDRKNILLKIRNSYIDTLKENGLDAPEIFLISNSHLSDYDFPVLMDTLIKYLPARKHHNFILSLPNNTEAVVDKKHKSMQQFILLEACQAGILATVPTVDILMD-EVEELKGKLNHYQVLFGLDDESLEVMAKDSQVPVEKLKKIIKSPFLLETKKEETLGEMLLKYLEKFASANGGLLATGLYFRKTFYFEFLFLDTVTEDAKVLLRVTYSKN*F","F",1,1050,4,"M.arvalis","pseudogene",1,"Irga7.1"
"Irga7_refMus","TRINITY_DN23910_c5_g1_i3",72.403,308,84,1,109,416,26,946,1.25e-161,459,"TMMRTPYKHPKIKTLTLWDLPGIGTMNFPPKDYLEKVQIQEYDFFVIVSATRLTKHELDLAKAIKFMKKNYYFVRTKVDIDLQNEKESKPRNFNKAKTLQQMRSYSENTFSQNNMDIPPIFLISNRHLSDYDFPVLMDTLIKDLPNQKRHNFMLSLPNITEAAIDRKHKSMQQYIWLEAFKDGILATFPVVGMIRD-DVEKLKEKLNHYRVLFGVDDESVEFMAKDSQVPVEKLKKIIKSPFLLETKKEETLGEMLLKYLEKFASANGGLLATGLYFRKTFYFEFLFLDTVTEDAKVLLRVTYSKN*F","F",26,946,5,"M.arvalis","pseudogene",2,"Irga7.2"
"Irga7_refMus","TRINITY_DN23910_c5_g1_i6",65.26,308,106,1,109,416,26,946,1.25e-141,408,"TMMRTPYKHPKIKTLTLWDLPGIGTVNFPPKDYLEKVKFQQYDFFVILSATRFKLLELDLAQAIRLKRTMCYFVRTKVDADLQNEKESKPCTFDRVKTLQQIRRYCVNTFIQNNMNPPPIFLISNHNLSDYNFPVLMDTLIKYLPARKHHNFILSLPNNTEAVVDKKHKSMQQFILLEACQAGILATVPTVDILMD-EVEELKGKLNHYQVLFGLDDESLEVMAKDSQVPVEKLKKIIKSPFLLETKKEETLGEMLLKYLEKFASANGGLLATGLYFRKTFYFEFLFLDTVTEDAKVLLRVTYSKN*F","F",26,946,6,"M.arvalis","pseudogene",3,"Irga7.3"
"Irgb6*_refMus","TRINITY_DN23845_c0_g3_i12",71.498,414,114,1,1,414,203,1432,0,616,"MAWVSSINEFFKNFKRESQILSEETITLIKSHIENRNLQEALSIIRNELRNIEKASLNIAVTGETGSGKSSFINALRGVGHEEEGAARTGATETTMERTPYPHPKLPQVTVWDLPGVGSTSFPPEKYLREMKFNEYDFFIIISTSRFKENDAQLAKAIARMKMNFYFVRAKIDSDIYNEKKSKPKTFNEDNVRKNILEDCLHHLS----SKPPVFLVSNFDTSKYDFPKLKSKLLFDLPANKRHIFMLSLSSVTEATINLKRDSLKQKVYLEALKAGALATIPFVGMIRDALEDLDETFNQFRSYFGLDDASLEEIAKDFNLSVAAFKAHLRFPHLFAEDDDVSLGRKLWKYIQNISSVIGGPVAACFYFKKSYYLQNLFIDTAANDAVALLNKESLFEEKVGPYVSQPPDFWE","F",203,1432,7,"M.arvalis","Irgb6",1,"Irgb6*.1"
"Irgb6_refMus","TRINITY_DN23845_c0_g3_i12",71.498,414,114,1,1,414,203,1432,0,616,"MAWVSSINEFFKNFKRESQILSEETITLIKSHIENRNLQEALSIIRNELRNIEKASLNIAVTGETGSGKSSFINALRGVGHEEEGAARTGATETTMERTPYPHPKLPQVTVWDLPGVGSTSFPPEKYLREMKFNEYDFFIIISTSRFKENDAQLAKAIARMKMNFYFVRAKIDSDIYNEKKSKPKTFNEDNVRKNILEDCLHHLS----SKPPVFLVSNFDTSKYDFPKLKSKLLFDLPANKRHIFMLSLSSVTEATINLKRDSLKQKVYLEALKAGALATIPFVGMIRDALEDLDETFNQFRSYFGLDDASLEEIAKDFNLSVAAFKAHLRFPHLFAEDDDVSLGRKLWKYIQNISSVIGGPVAACFYFKKSYYLQNLFIDTAANDAVALLNKESLFEEKVGPYVSQPPDFWE","F",203,1432,7,"M.arvalis","Irgb6",1,"Irgb6.1"
"Irgb6*_refMus","TRINITY_DN23845_c0_g3_i11",71.498,414,114,1,1,414,296,1525,0,616,"MAWVSSINEFFKNFKRESQILSEETITLIKSHIENRNLQEALSIIRNELRNIEKASLNIAVTGETGSGKSSFINALRGVGHEEEGAARTGATETTMERTPYPHPKLPQVTVWDLPGVGSTSFPPEKYLREMKFNEYDFFIIISTSRFKENDAQLAKAIARMKMNFYFVRAKIDSDIYNEKKSKPKTFNEDNVRKNILEDCLHHLS----SKPPVFLVSNFDTSKYDFPKLKSKLLFDLPANKRHIFMLSLSSVTEATINLKRDSLKQKVYLEALKAGALATIPFVGMIRDALEDLDETFNQFRSYFGLDDASLEEIAKDFNLSVAAFKAHLRFPHLFAEDDDVSLGRKLWKYIQNISSVIGGPVAACFYFKKSYYLQNLFIDTAANDAVALLNKESLFEEKVGPYVSQPPDFWE","F",296,1525,8,"M.arvalis","Irgb6",2,"Irgb6*.2"
"Irgb6_refMus","TRINITY_DN23845_c0_g3_i11",71.498,414,114,1,1,414,296,1525,0,616,"MAWVSSINEFFKNFKRESQILSEETITLIKSHIENRNLQEALSIIRNELRNIEKASLNIAVTGETGSGKSSFINALRGVGHEEEGAARTGATETTMERTPYPHPKLPQVTVWDLPGVGSTSFPPEKYLREMKFNEYDFFIIISTSRFKENDAQLAKAIARMKMNFYFVRAKIDSDIYNEKKSKPKTFNEDNVRKNILEDCLHHLS----SKPPVFLVSNFDTSKYDFPKLKSKLLFDLPANKRHIFMLSLSSVTEATINLKRDSLKQKVYLEALKAGALATIPFVGMIRDALEDLDETFNQFRSYFGLDDASLEEIAKDFNLSVAAFKAHLRFPHLFAEDDDVSLGRKLWKYIQNISSVIGGPVAACFYFKKSYYLQNLFIDTAANDAVALLNKESLFEEKVGPYVSQPPDFWE","F",296,1525,8,"M.arvalis","Irgb6",2,"Irgb6.2"
"Irgb6*_refMus","TRINITY_DN23845_c0_g3_i2",71.498,414,118,0,1,414,203,1444,0,596,"MAWVSSINEFFKNFKRESQILSEETITLIKSHIENRNLQEALSIIRNELRNIEKASLNIAVTGETGSGKSSFINALRGVGHEEEGAARTGATETTMERTPYPHPKLPQVTVWDLPGVGSTSFPPEKYLREMKFGEYDFFIIISTSRFKENDAQLAKAIKRMDMNFYFVRAKIDSDIYNEKTSKPKTFNEENVLKNILEECSVHLKEALSSEPLVFLVSNFHTSKYDFPELERQLLYDLPAHKRHVFMLSLSSVTEATINLKRDSLKQKVYLEALKAGALATIPLGGLVMDDIEDLDETFELYKSYFGLDDASLRNIAKKFNTPVNTLKARLRFPHLFTQMNNESLEDKLRKYIHHISSVTGGPIAAGIYFKKSYYLQNLFIDAAANDAIALLNKEDLLENKVEPYVSKPPDYWE","F",203,1444,9,"M.arvalis","Irgb6",3,"Irgb6*.3"
"Irgb6_refMus","TRINITY_DN23845_c0_g3_i2",71.498,414,118,0,1,414,203,1444,0,596,"MAWVSSINEFFKNFKRESQILSEETITLIKSHIENRNLQEALSIIRNELRNIEKASLNIAVTGETGSGKSSFINALRGVGHEEEGAARTGATETTMERTPYPHPKLPQVTVWDLPGVGSTSFPPEKYLREMKFGEYDFFIIISTSRFKENDAQLAKAIKRMDMNFYFVRAKIDSDIYNEKTSKPKTFNEENVLKNILEECSVHLKEALSSEPLVFLVSNFHTSKYDFPELERQLLYDLPAHKRHVFMLSLSSVTEATINLKRDSLKQKVYLEALKAGALATIPLGGLVMDDIEDLDETFELYKSYFGLDDASLRNIAKKFNTPVNTLKARLRFPHLFTQMNNESLEDKLRKYIHHISSVTGGPIAAGIYFKKSYYLQNLFIDAAANDAIALLNKEDLLENKVEPYVSKPPDYWE","F",203,1444,9,"M.arvalis","Irgb6",3,"Irgb6.3"
"Irgb6*_refMus","TRINITY_DN23845_c0_g3_i9",72.464,414,114,0,1,414,296,1537,0,627,"MAWVSSINEFFKNFKRESQILSEETITLIKSHIENRNLQEALSIIRNELRNIEKASLNIAVTGETGSGKSSFINALRGVGHEEEGAARTGATETTMERTPYPHPKLPQVTVWDLPGVGSTSFPPEKYLREMKFGEYDFFIIISTSRFKENDAQLAKAIKRMDMNFYFVRAKIDSDIYNEKTSKPKTFNEENVLKNILEECSVHLKEALSSEPLVFLVSNFHTSKYDFPELERQLLYDLPAHKRHVFMLSLSSVTEATINLKRDSLKQKVYLEALKAGALATIPFVGMIRDALEDLDETFNQFRSYFGLDDASLEEIAKDFNLSVAAFKAHLRFPHLFAEDDDVSLGRKLWKYIQNISSVIGGPVAACFYFKKSYYLQNLFIDTAANDAVALLNKESLFEEKVGPYVSQPPDFWE","F",296,1537,10,"M.arvalis","Irgb6",4,"Irgb6*.4"
"Irgb6_refMus","TRINITY_DN23845_c0_g3_i9",72.464,414,114,0,1,414,296,1537,0,627,"MAWVSSINEFFKNFKRESQILSEETITLIKSHIENRNLQEALSIIRNELRNIEKASLNIAVTGETGSGKSSFINALRGVGHEEEGAARTGATETTMERTPYPHPKLPQVTVWDLPGVGSTSFPPEKYLREMKFGEYDFFIIISTSRFKENDAQLAKAIKRMDMNFYFVRAKIDSDIYNEKTSKPKTFNEENVLKNILEECSVHLKEALSSEPLVFLVSNFHTSKYDFPELERQLLYDLPAHKRHVFMLSLSSVTEATINLKRDSLKQKVYLEALKAGALATIPFVGMIRDALEDLDETFNQFRSYFGLDDASLEEIAKDFNLSVAAFKAHLRFPHLFAEDDDVSLGRKLWKYIQNISSVIGGPVAACFYFKKSYYLQNLFIDTAANDAVALLNKESLFEEKVGPYVSQPPDFWE","F",296,1537,10,"M.arvalis","Irgb6",4,"Irgb6.4"
"Irgb6*_refMus","TRINITY_DN23845_c0_g3_i6",71.968,371,104,0,1,371,203,1315,0,554,"MAWVSSINEFFKNFKRESQILSEETITLIKSHIENRNLQEALSIIRNELRNIEKASLNIAVTGETGSGKSSFINALRGVGHEEEGAARTGATETTMERTPYPHPKLPQVTVWDLPGVGSTSFPPEKYLREMKFGEYDFFIIISTSRFKENDAQLAKAIKRMDMNFYFVRAKIDSDIYNEKTSKPKTFNEENVLKNILEECSVHLKEALSSEPLVFLVSNFHTSKYDFPELERQLLYDLPAHKRHVFMLSLSSVTEATINLKRDSLKQKVYLEALKAGALATIPLGGLVMDDIEDLDETFELYKSYFGLDDASLRNIAKKFNTPVNTLKARLRFPHLFTQMNNESLEDKLRKYIHHISSVTGGPVAAGIYCK","F",203,1315,11,"M.arvalis","Irgb6",5,"Irgb6*.5"
"Irgb6_refMus","TRINITY_DN23845_c0_g3_i6",71.968,371,104,0,1,371,203,1315,0,554,"MAWVSSINEFFKNFKRESQILSEETITLIKSHIENRNLQEALSIIRNELRNIEKASLNIAVTGETGSGKSSFINALRGVGHEEEGAARTGATETTMERTPYPHPKLPQVTVWDLPGVGSTSFPPEKYLREMKFGEYDFFIIISTSRFKENDAQLAKAIKRMDMNFYFVRAKIDSDIYNEKTSKPKTFNEENVLKNILEECSVHLKEALSSEPLVFLVSNFHTSKYDFPELERQLLYDLPAHKRHVFMLSLSSVTEATINLKRDSLKQKVYLEALKAGALATIPLGGLVMDDIEDLDETFELYKSYFGLDDASLRNIAKKFNTPVNTLKARLRFPHLFTQMNNESLEDKLRKYIHHISSVTGGPVAAGIYCK","F",203,1315,11,"M.arvalis","Irgb6",5,"Irgb6.5"
"Irgb8_refMus","TRINITY_DN23837_c0_g1_i7",83.702,362,54,2,61,422,3129,2059,0,622,"IAVTGETGAGKSSFINALRGVWDEEEGAAPTGVVETTMERTPYPHPKLPMVTIWDLPGIGSTSFPPQNYLTEMKFAEYDFFIIISATRFKDTDAHLAKAIAKMNTKFYFVRTKIDQDISNEQRSKSKTFNRDSVLKKIRGDCSRHLQETLSSESPVFLVSNFDVSDFDFPELETTLLSELPAHKRHIFMMSLHSVTETAIDRKRDFLKQKIWLEALKAGAWATIPFGGLVLDKIQKVEETLDLYRSYFGLEDTSLENIAKDFNVSVSEIKAHLKSLRLLTRTNDMSLEEKLWKYIEYISSVTGGPLATGLYFRKTFYLKNLFIDTVASDAKTLLNK-EFLSEK----LTDPPEYWEAAMEL*","R",2059,3129,12,"M.arvalis","IrgbTandem",1,"Irgb8.1"
"Irgb3_refMus","TRINITY_DN23837_c0_g3_i3",84.818,303,44,1,1,303,18,920,1.83e-175,494,"HLFLDTAACK--SSRPSPSTAQLLASSFENFFKNFKKESKILSEETITLIESHLENKNLPGAVSAISNALRNIDRAPLNIAVTGETGAGKSSFINALRGVWDEEEGAAPTGVVETTMERTPYPHPKLPMVTIWDLPGIGSTSFPPQNYLTEMKFAEYDFFIIISATRFKDTDAHLAKAIAKMNTKFYFVRTKIDQDISNEQRSKSKTFNRDSVLKKIRGDCSRHLQETLSSESPVFLVSNFDVSDFDFPELETTLLSELPAHKRHIFMLSLHSVTETAIDRKRDFLKQKIWLEALKAGAWATI","F",18,920,13,"M.arvalis","IrgbTandem",1,"Irgb3.1"
"Irgb5*_refMus","TRINITY_DN21941_c0_g11_i1",77.861,402,89,0,1,402,1506,301,0,612,"MGQSSSSAPPQKEEPDLTSSLDTNLHNFKMETKILSQELTTLIGSYLKDGNLRGTVSAISDALSDIEKAPLNIAVMGETGAGKSSLINALQGVRPDEEGAAASTGVTCTTTERTPYPYSKVPSVTLWDLPGIGSTAFQPQDYLKKIKFEEYDFFIIVSSGRFKHNDAELAKAIVQVNRRFYFVRTHTDHDLMVQKQCSPQRFNRENTLKQIRNSISSILKEVTQQEPPVFLVSNFDVSDFDFPELEATLLRELPDHKRHIFMLTLSVVTQSAIDQKRDTLKQEVWKEYVMPRAWVTMSFKGLTKNDIEKLKETLNFCRSSFGLDEASLENIAEDLHVALEELKENIKSPHLFSEEQGKSLTDKLSEYISHSYFSKTLHLQNFFIDTVANDVKILLSKEELFT","R",301,1506,14,"M.arvalis","Irgb5*",1,"Irgb5*.1"
"Irgb3_refMus","TRINITY_DN23837_c0_g3_i1",82.958,311,40,2,4,303,582,1508,2.34e-171,491,"LETAACK--SSRPSPSTAQLLASSFENFFKNFKKESKILSEETITLIESHLENKNLPGAVSAISNALRNIDRAPLNIAVTGETGAGKSSFINALRGVWDEEEGAAPTGVVETTMERTPYPHPKLPMVTIWDLPGIGSTSFPPQNYLTEMKFAEYDFFIIISATRFKDTDAHLAKAIAKMNTKFYFVRTKIDQDISNEQRSKSKTFNRDSVLKKIRGDCSRHLQKTLSSEPRIFLETLSSESPVFLVSNFDVSDFDFPELETTLLSELPAHKRHIFMLSLHSVTETAIDRKRDFLKQKIWLEALKAGAWATI","F",582,1508,15,"M.arvalis","IrgbTandem",2,"Irgb3.2"
"Irgm1_refMus","TRINITY_DN21975_c5_g3_i2",67.758,397,123,2,1,394,1383,199,0,532,"MAETPYAPLKSSF--ARSYQTGDSISHELNRTLERALKEGKLLDVARGIKQTVETLSQTPVNITVTGNSGNGMSSFINALRIIGHEEDDSAPTGVVRTTQTRAKYSSSHFPSVILWDLPGLGATAQTIDNYRKEMEFSMYDIFIIIASEQFSSNHVNLAKVIQEMGKRFYIVWTKLDRDLRPHAHSETQIIQTIRVNIQKELQKERVNVPPIFLVSNLDPLLYDFPMLRDTLHKDLSNIRCYGPLSTLFSTFEKIIDDRVASLRERIDEGCLEHPLSVRDDEDMKECLKAYRLKFGVDDESLEQVAQSMGTVVQEYKADMKSQTLYTLRRGDWRLRLMTCAFVNVFFRILKCLPCLCCCVRCFRRMKYKRVLLLVAQDTKTILEKILKDCISPPQI*","R",199,1383,16,"M.arvalis","Irgm1",1,"Irgm1.1"
"Irgm1_refMus","TRINITY_DN21975_c5_g3_i1",67.758,397,123,2,1,394,1383,199,0,532,"MAETPYAPLKSSF--ARSYQTGDSISHELNRTLERALKEGKLLDVARGIKQTVETLSQTPVNITVTGNSGNGMSSFINALRIIGHEEDDSAPTGVVRTTQTRAKYSSSHFPSVILWDLPGLGATAQTIDNYRKEMEFSMYDIFIIIASEQFSSNHVNLAKVIQEMGKRFYIVWTKLDRDLRPHAHSETQIIQTIRVNIQKELQKERVNVPPIFLVSNLDPLLYDFPMLRDTLHKDLSNIRCYGPLSTLFSTFEKIIDDRVASLRERIDEGCLEHPLSVRDDEDMKECLKAYRLKFGVDDESLEQVAQSMGTVVQEYKADMKSQTLYTLRRGDWRLRLMTCAFVNVFFRILKCLPCLCCCVRCFRRMKYKRVLLLVAQDTKTILEKILKDCISPPQI*","R",199,1383,17,"M.arvalis","Irgm1",2,"Irgm1.2"
"Irgm1_refMus","TRINITY_DN21975_c5_g3_i3",66.833,401,124,2,1,394,1395,199,0,531,"MAETPYAPLKSSF--ARSYQTGDSISHELNRTLERALKEGKLLDVARGIKQTVETLSQTPVNITVTGNSGNGMSSFINALRIIGHEEDDSAPTGVVRTTQTRAKYSSSHFPSVILWDLPGLGATAQTIDNYRKEMEFSMYDIFIIIASEQFSSNHVNLAKVIQEMGKRFYIVWTKLDRDLRPHAHSETQIIQTIRVNIQKELQKERVNVPPIFLVSNLDPLLYDFPMLRDTLHKDLSNIRCYGPLSTLFSTFEKIIDDRVASLRERIDEGCLEHPLSVRDDEDMKECLKAYRLKFGVDDESLEQVAQSMGTVVQEYKADMKSQTLYTLRRGDWRLRLMTCAFVNVFFRILKCLPCLCCCVRCCVRCFRRMKYKRVLLLVAQDTKTILEKILKDCISPPQI*","R",199,1395,18,"M.arvalis","Irgm1",3,"Irgm1.3"
"Irgm1_refMus","TRINITY_DN21975_c5_g3_i4",66.833,401,124,2,1,394,1395,199,0,531,"MAETPYAPLKSSF--ARSYQTGDSISHELNRTLERALKEGKLLDVARGIKQTVETLSQTPVNITVTGNSGNGMSSFINALRIIGHEEDDSAPTGVVRTTQTRAKYSSSHFPSVILWDLPGLGATAQTIDNYRKEMEFSMYDIFIIIASEQFSSNHVNLAKVIQEMGKRFYIVWTKLDRDLRPHAHSETQIIQTIRVNIQKELQKERVNVPPIFLVSNLDPLLYDFPMLRDTLHKDLSNIRCYGPLSTLFSTFEKIIDDRVASLRERIDEGCLEHPLSVRDDEDMKECLKAYRLKFGVDDESLEQVAQSMGTVVQEYKADMKSQTLYTLRRGDWRLRLMTCAFVNVFFRILKCLPCLCCCVRCCVRCFRRMKYKRVLLLVAQDTKTILEKILKDCISPPQI*","R",199,1395,19,"M.arvalis","Irgm1",4,"Irgm1.4"
"Irgb5*_refMus","TRINITY_DN21941_c0_g4_i1",82.591,247,43,0,1,247,508,1248,3.73e-135,394,"MGQSSSSAPPQKEEPDLTSSLDTNLHNFKMETKILSQELTTLIGSYLKDGNLRGTVSAISDALSDIEKAPLNIAVMGETGAGKSSLINALQGVRPDEEGAAASTGVTCTTTERTPYPYSKVPSVTLWDLPGIGSTAFQPQDYLKKIKFEEYDFFIIVSSGRFKHNDAELAKAIVQVNRRFYFVRTHTDHDLMVQKQCSPQRFNRENTLKQIRNSVSSILKEVTQQEPPVFLVSNFDVSDFDFPELEA","F",508,1248,20,"M.arvalis","Irgb5*",2,"Irgb5*.2"
"Irgb5_refMus","TRINITY_DN21941_c0_g4_i1",82.591,247,43,0,1,247,508,1248,7e-134,394,"MGQSSSSAPPQKEEPDLTSSLDTNLHNFKMETKILSQELTTLIGSYLKDGNLRGTVSAISDALSDIEKAPLNIAVMGETGAGKSSLINALQGVRPDEEGAAASTGVTCTTTERTPYPYSKVPSVTLWDLPGIGSTAFQPQDYLKKIKFEEYDFFIIVSSGRFKHNDAELAKAIVQVNRRFYFVRTHTDHDLMVQKQCSPQRFNRENTLKQIRNSVSSILKEVTQQEPPVFLVSNFDVSDFDFPELEA","F",508,1248,20,"M.arvalis","IrgbTandem",1,"Irgb5.1"
"Irgb6*_refMus","TRINITY_DN23837_c0_g1_i10",73.333,255,68,0,1,255,768,4,1.48e-136,395,"MAWASSFDAFFKNFKRESQILSEENIILIKSYTETNNLQKALSVIHNALRDIENAPLNIAVTGETGTGKSTFINALRGMGQEDIGAAPTGVTETTWERIPYLHPKLPQVTLWDLPGIGSTSFPPENYLTEMKFGQYDFFIIISATRFKDTDAQLAKAITKMKMNFYFVRTKIDIDVDNEQKSKPKTFNKENVLMKIRGDCSRHLQKTLSSEPRIFLVSNFDVSDFDFPELQTTLLSELPAHKRHVFMLSLNSVTE","R",4,768,21,"M.arvalis","Irgb6",6,"Irgb6*.6"
"Irgb6_refMus","TRINITY_DN23837_c0_g1_i10",73.333,255,68,0,1,255,768,4,1.48e-136,395,"MAWASSFDAFFKNFKRESQILSEENIILIKSYTETNNLQKALSVIHNALRDIENAPLNIAVTGETGTGKSTFINALRGMGQEDIGAAPTGVTETTWERIPYLHPKLPQVTLWDLPGIGSTSFPPENYLTEMKFGQYDFFIIISATRFKDTDAQLAKAITKMKMNFYFVRTKIDIDVDNEQKSKPKTFNKENVLMKIRGDCSRHLQKTLSSEPRIFLVSNFDVSDFDFPELQTTLLSELPAHKRHVFMLSLNSVTE","R",4,768,21,"M.arvalis","Irgb6",6,"Irgb6.6"
"Irgb6*_refMus","TRINITY_DN23837_c0_g1_i3",71.373,255,73,0,1,255,768,4,6.45e-131,380,"MAWASSINEFFKNFKRESQILSEETITLIKFHIENRNLQEALFVIEKALRDIKNASLNIAVTGETGTGKSTFINALRGMGQEDIGAAPTGVTETTWERIPYLHPKLPQVTLWDLPGIGSTSFPPENYLTEMKFGQYDFFIIISATRFKDTDAQLAKAITKMKMNFYFVRTKIDIDVDNEQKSKPKTFNKENVLMKIRGDCSRHLQKTLSSEPRIFLVSNFDVSDFDFPELQTTLLSELPAHKRHVFMLSLNSVTE","R",4,768,22,"M.arvalis","Irgb6",7,"Irgb6*.7"
"Irgb6_refMus","TRINITY_DN23837_c0_g1_i3",71.373,255,73,0,1,255,768,4,6.45e-131,380,"MAWASSINEFFKNFKRESQILSEETITLIKFHIENRNLQEALFVIEKALRDIKNASLNIAVTGETGTGKSTFINALRGMGQEDIGAAPTGVTETTWERIPYLHPKLPQVTLWDLPGIGSTSFPPENYLTEMKFGQYDFFIIISATRFKDTDAQLAKAITKMKMNFYFVRTKIDIDVDNEQKSKPKTFNKENVLMKIRGDCSRHLQKTLSSEPRIFLVSNFDVSDFDFPELQTTLLSELPAHKRHVFMLSLNSVTE","R",4,768,22,"M.arvalis","Irgb6",7,"Irgb6.7"
"Irgb3_refMus","TRINITY_DN23837_c0_g1_i8",81.726,197,36,0,80,276,594,4,3.6e-117,342,"IAVTGETGAGKSSFINALRGVWDEEEGAAPTGVVETTMERTPYPHPKLPMVTIWDLPGIGSTSFPPQNYLTEMKFAEYDFFIIISATRFKDTDAQLAKAITKMKMNFYFVRTKIDIDVDNEQKSKPKTFNKENVLMKIRGDCSRHLQKTLSSEPRIFLVSNFDVSDFDFPELQTTLLSELPAHKRHVFMLSLNSVTE","R",4,594,23,"M.arvalis","IrgbTandem",3,"Irgb3.3"
"Irgd_refMus","TRINITY_DN22982_c0_g1_i3",74.109,421,109,0,1,421,1642,380,0,597,"MDEFISAFLKNASGKNFQKLAVEFLPHYSALTSKVGGMLSPETVGCIQKALQEGKLSDLVGQIQEVLAAAEKASLAIAVIGESGAGKSSFINALRGLSHEAEESAAVGTVETTMHRTPYQHPKYPQVTFWDLPGTGTPKFLPETYLEKVEFASYDFFIIISSSRFSINDALLAQKIKDVGKKFYFVRTKVDSDLYNEEKTKPTTFKKEKVLQQIRDYCLANLSDIGVSEPRIFLISNFDLADFDFPKLEETLLMELPGHKRHTFALLLPNISDASIEIKRNFLKEKIWLEALKSSALSFIPFMPFLSGFDLPEQEQCLKDYRSYFGLDDKSVEEIAAQLGTSVEDIRGSLKCLDFWSLVKDDSIAAKIMKCAESFSAVEGGPGSSVFQGLKVYILRLKFLDTVANDAKCLLKMISTGNIA*","R",380,1642,24,"M.arvalis","Irgd",1,"Irgd.1"
"Irgd_refMus","TRINITY_DN22982_c0_g1_i1",74.109,421,109,0,1,421,2119,857,0,597,"MDEFISAFLKNASGKNFQKLAVEFLPHYSALTSKVGGMLSPETVGCIQKALQEGKLSDLVGQIQEVLAAAEKASLAIAVIGESGAGKSSFINALRGLSHEAEESAAVGTVETTMHRTPYQHPKYPQVTFWDLPGTGTPKFLPETYLEKVEFASYDFFIIISSSRFSINDALLAQKIKDVGKKFYFVRTKVDSDLYNEEKTKPTTFKKEKVLQQIRDYCLANLSDIGVSEPRIFLISNFDLADFDFPKLEETLLMELPGHKRHTFALLLPNISDASIEIKRNFLKEKIWLEALKSSALSFIPFMPFLSGFDLPEQEQCLKDYRSYFGLDDKSVEEIAAQLGTSVEDIRGSLKCLDFWSLVKDDSIAAKIMKCAESFSAVEGGPGSSVFQGLKVYILRLKFLDTVANDAKCLLKMISTGNIA*","R",857,2119,25,"M.arvalis","Irgd",2,"Irgd.2"
"Irgd_refMus","TRINITY_DN22982_c0_g1_i2",74.109,421,109,0,1,421,2137,875,0,597,"MDEFISAFLKNASGKNFQKLAVEFLPHYSALTSKVGGMLSPETVGCIQKALQEGKLSDLVGQIQEVLAAAEKASLAIAVIGESGAGKSSFINALRGLSHEAEESAAVGTVETTMHRTPYQHPKYPQVTFWDLPGTGTPKFLPETYLEKVEFASYDFFIIISSSRFSINDALLAQKIKDVGKKFYFVRTKVDSDLYNEEKTKPTTFKKEKVLQQIRDYCLANLSDIGVSEPRIFLISNFDLADFDFPKLEETLLMELPGHKRHTFALLLPNISDASIEIKRNFLKEKIWLEALKSSALSFIPFMPFLSGFDLPEQEQCLKDYRSYFGLDDKSVEEIAAQLGTSVEDIRGSLKCLDFWSLVKDDSIAAKIMKCAESFSAVEGGPGSSVFQGLKVYILRLKFLDTVANDAKCLLKMISTGNIA*","R",875,2137,26,"M.arvalis","Irgd",3,"Irgd.3"
"Irgd_refMus","TRINITY_DN22964_c1_g1_i1",74.109,421,109,0,1,421,231,1493,0,597,"MDEFISAFLKNASGKNFQKLAVEFLPHYSALTSKVGGMLSPETVGCIQKALQEGKLSDLVGQIQEVLAAAEKASLAIAVIGESGAGKSSFINALRGLSHEAEESAAVGTVETTMHRTPYQHPKYPQVTFWDLPGTGTPKFLPETYLEKVEFASYDFFIIISSSRFSINDALLAQKIKDVGKKFYFVRTKVDSDLYNEEKTKPTTFKKEKVLQQIRDYCLANLSDIGVSEPRIFLISNFDLADFDFPKLEETLLMELPGHKRHTFALLLPNISDASIEIKRNFLKEKIWLEALKSSALSFIPFMPFLSGFDLPEQEQCLKDYRSYFGLDDKSVEEIAAQLGTSVEDIRGSLKCLDFWSLVKDDSIAAKIMKCAESFSAVEGGPGSSVFQGLKVYILRLKFLDTVANDAKCLLKMISTGNIA*","F",231,1493,27,"M.arvalis","Irgd",4,"Irgd.4"
"Irgd_refMus","TRINITY_DN22964_c1_g1_i2",74.109,421,109,0,1,421,231,1493,0,597,"MDEFISAFLKNASGKNFQKLAVEFLPHYSALTSKVGGMLSPETVGCIQKALQEGKLSDLVGQIQEVLAAAEKASLAIAVIGESGAGKSSFINALRGLSHEAEESAAVGTVETTMHRTPYQHPKYPQVTFWDLPGTGTPKFLPETYLEKVEFASYDFFIIISSSRFSINDALLAQKIKDVGKKFYFVRTKVDSDLYNEEKTKPTTFKKEKVLQQIRDYCLANLSDIGVSEPRIFLISNFDLADFDFPKLEETLLMELPGHKRHTFALLLPNISDASIEIKRNFLKEKIWLEALKSSALSFIPFMPFLSGFDLPEQEQCLKDYRSYFGLDDKSVEEIAAQLGTSVEDIRGSLKCLDFWSLVKDDSIAAKIMKCAESFSAVEGGPGSSVFQGLKVYILRLKFLDTVANDAKCLLKMISTGNIA*","F",231,1493,28,"M.arvalis","Irgd",5,"Irgd.5"
"Irgb6*_refMus","TRINITY_DN23563_c0_g1_i1",74.101,278,72,0,137,414,1494,661,2.23e-134,396,"DFFIIISASRFKENDAQLAKAIKRMDMNFYFVRAKIDSDIYNEKTSKPKTFNEENVLKNILEECSVHLKEALSSEPLVFLVSNFHTSKYDFPELERQLLYDLPAHKRHVFMLSLSSVTEATINLKRDSLKQKVYLEALKAGALATIPFVGMIRDALEDLDETFNQFRSYFGLDDASLEEIAKDFNLSVAAFKAHLRFPHLFAEDDDVSLGRKLWKYIQNISSVIGGPVAACFYFKKSYYLQNLFIDAAANDAIALLNKKSLLENKVGPYVSKPPDYWE","R",661,1494,29,"M.arvalis","Irgb6",8,"Irgb6*.8"
"Irgb6_refMus","TRINITY_DN23563_c0_g1_i1",74.101,278,72,0,137,414,1494,661,2.23e-134,396,"DFFIIISASRFKENDAQLAKAIKRMDMNFYFVRAKIDSDIYNEKTSKPKTFNEENVLKNILEECSVHLKEALSSEPLVFLVSNFHTSKYDFPELERQLLYDLPAHKRHVFMLSLSSVTEATINLKRDSLKQKVYLEALKAGALATIPFVGMIRDALEDLDETFNQFRSYFGLDDASLEEIAKDFNLSVAAFKAHLRFPHLFAEDDDVSLGRKLWKYIQNISSVIGGPVAACFYFKKSYYLQNLFIDAAANDAIALLNKKSLLENKVGPYVSKPPDYWE","R",661,1494,29,"M.arvalis","Irgb6",8,"Irgb6.8"
"Irgb6*_refMus","TRINITY_DN23563_c0_g1_i2",72.18,266,70,1,149,414,1446,661,1.06e-122,365,"ENDAQLAKAIARMKMNFYFVRAKIDSDIYNEKKSKPKTFNEDNVRKNILEDCLHHLS----SKPPVFLVSNFDTSKYDFPKLKSKLLFDLPANKRHIFMLSLSSVTEATINLKRDSLKQKVYLEALKAGALATIPLVGMVRDALEDLDETFNQFRSYFGLDDASLEEIAKDFNLSVAAFKAHLRFPHLFAEDDDVSLGRKLWKYIQNISSVIGGPVAACFYFKKSYYLQNLFIDAAANDAIALLNKKSLLENKVGPYVSKPPDYWE","R",661,1446,30,"M.arvalis","Irgb6",9,"Irgb6*.9"
"Irgb6_refMus","TRINITY_DN23563_c0_g1_i2",72.18,266,70,1,149,414,1446,661,1.06e-122,365,"ENDAQLAKAIARMKMNFYFVRAKIDSDIYNEKKSKPKTFNEDNVRKNILEDCLHHLS----SKPPVFLVSNFDTSKYDFPKLKSKLLFDLPANKRHIFMLSLSSVTEATINLKRDSLKQKVYLEALKAGALATIPLVGMVRDALEDLDETFNQFRSYFGLDDASLEEIAKDFNLSVAAFKAHLRFPHLFAEDDDVSLGRKLWKYIQNISSVIGGPVAACFYFKKSYYLQNLFIDAAANDAIALLNKKSLLENKVGPYVSKPPDYWE","R",661,1446,30,"M.arvalis","Irgb6",9,"Irgb6.9"
"Irgm3_refMus","TRINITY_DN22186_c0_g2_i1",63.291,316,112,3,107,422,5,940,5.59e-135,396,"IGHEEENSAPTGVVRTTQKPALYSS-SKFPYVNLWDLPGTGVTSQSMENYLEEMDFSKYDLIIIIASEQFSSNHVKLAKAMQSMRRRFYVVWTKLDRDLSTSALPEPQLRENILKNIQENLQKEGVEEPPIFLVSNFSPYFHDFPNLRDKLRIDISNIRYADSLETLSGICDRSISEKVLFLK-NSMLTRPQETAVSRMCDTADLQESFENYQKLFGVDDGSLQQVAQRTGTLQMGCMAMKFQELHMKDWRLRLMMSFPV--FLKCLEISWWYGLWNFFTRRLRLWRQSLIIEIVAHNAKTVWRSVLKDNTHLTEV","F",5,940,31,"M.arvalis","Irgm3",1,"Irgm3.1"
"Irgm3_refMus","TRINITY_DN22186_c0_g2_i2",61.709,316,114,4,107,422,5,931,8.83e-130,383,"IGHEEENSAPTGVVRTTQKPALYSS-SKFPYVNLWDLPGTGVTSQSMENYLKKMDFSQYDLIIIIASEQFSSNHVKLA---KAMRRRFYVVWTKLDRDLDTSALPEPQLRENILKNIQENLQKEGVEEPPIFLVSNFSPYFHDFPNLRDKLRIDISNIRYADSLETLSGICDRSISEKVLFLK-NSMLTRPQETAVSRMCDTADLQESFENYQKLFGVDDGSLQQVAQRTGTLQMGCMAMKFQELHMKDWRLRLMMSFPV--FLKCLEISWWYGLWNFFTRRLRLWRQSLIIEIVAHNAKTVWRSVLKDNTHLTEV","F",5,931,32,"M.arvalis","Irgm3",2,"Irgm3.2"
"Irgm2_refMus","TRINITY_DN23895_c1_g1_i3",58.735,332,119,4,58,389,1713,772,4.31e-124,380,"KSMSRHPIRIAVTGDSGNGMSSFINALREIGHEEKDSAPTGVVRTTQKPALYSSSKFPYVYLWDLPGTGVTSQSMENYLKKMDFSQYDLIIIIASEQFSSNHVKLA---KAMRRRFYVVWTKLDRDLDTSALPEPQLRENILKNIQENLQKEGVEEPPIFLVSNFSPDSLDFTNLRKTLTKDLHSIRYDGLIGTLFRVCEEIISKKVKFIKGIIKENNLQEGLGISDPNNLEECQKAFQENFGVDDKSLHQVALTMS--------QSQVIQDHQQDGWTLSELYHFPVR----AVNFVLCCFDSTH---RQQARVLDEAAEKTKKILKEILK","R",772,1713,33,"M.arvalis","Irgm2",1,"Irgm2.1"
"Irgq_refMus","TRINITY_DN22082_c2_g3_i7",91.482,587,46,2,1,583,3025,1265,0,648,"MPLPQGDVTALFLGPPGSGKSALISALCGKNVETVEIPEGRPDSGVPVLRAAAPGLFLGELSCPPAAPGPWAAEANLLVLVLPGSEGTEEPLTPALGEAARASLARGTPLLAVRNLRPGDSQNEAQARDQTAAMLNSAGLGAAPLFVLPADCSSSDRCEELERLQVVLRTQAEALQRLLPPAQDGFEVLGAAELEAVREAFETGGLEAALSWVRAGLERLGSARLDLAVAGAANVGLVLDMLLGLDPGDPGAAPASEPTEPTPYPAPERPNVVLWTVPLGPTATSPPATPHPTHYDALILVTPGAPTQENWAQVRSLVSPDAPLVGVRTDGQGEDPPEALEEEKPEKLENASSGKSGDTRSEGKENPGSGDSGPTAARSPEDEPWEVLEEVPPPVFPLRLGGLPGLGTWLQRALPAAQSGALLLALPPSSPQAARRKAAALRAGAWRPALLASLAAAAAPVPGLGWACDVALLRGQLAEWRRSLGLEPTAVARRERALGLAPGVLAARTRFPGPVTRAEVEARLGSWAGEGTAGGAALGALSFLWPAGGAAATGGLGYRAAHGVLLQALDEMLADAEAVLGPPEPNQ","R",1265,3025,34,"M.arvalis","Irgq",1,"Irgq.1"
"Irgq_refMus","TRINITY_DN22082_c2_g3_i1",90.063,473,43,2,23,491,1420,2,1.87e-173,511,"LISALCGKNVETVEIPEGRPDSGVPVLRAAAPGLFLGELSCPPAAPGPWAAEANLLVLVLPGSEGTEEPLTPALGEAARASLARGTPLLAVRNLRPGDSQNEAQARDQTAAMLNSAGLGAAPLFVLPADCSSSDRCEELERLQVVLRTQAEALQRLLPPAQDGFEVLGAAELEAVREAFETGGLEAALSWVRAGLERLGSARLDLAVAGAANVGLVLDMLLGLDPGDPGAAPASEPTEPTPYPAPERPNVVLWTVPLGPTATSPPATPHPTHYDALILVTPGAPTQENWAQVRSLVSPDAPLVGVRTDGQGEDPPEALEEEKPEKLENASSGKSGDTRSEGKENPGSGDSGPTAARSPEDEPWEVLEEVPPPVFPLRLGGLPGLGTWLQRALPAAQSGALLLALPPSSPQAARRKAAALRAGAWRPALLASLAAAAAPVPGLGWACDVALLRGQLAEWRRSLGLEPTAVARRE","R",2,1420,35,"M.arvalis","Irgq",2,"Irgq.2"
"Irgq_refMus","TRINITY_DN22082_c2_g3_i4",90.89,472,39,2,116,583,1,1416,6.01e-171,514,"LRPGDSQNEAQARDQTAAMLNSAGLGAAPLFVLPADCSSSDRCEELERLQVVLRTQAEALQRLLPPAQDGFEVLGAAELEAVREAFETGGLEAALSWVRAGLERLGSARLDLAVAGAANVGLVLDMLLGLDPGDPGAAPASEPTEPTPYPAPERPNVVLWTVPLGPTATSPPATPHPTHYDALILVTPGAPTQENWAQVRSLVSPDAPLVGVRTDGQGEDPPEALEEEKPEKLENASSGKSGDTRSEGKENPGSGDSGPTAARSPEDEPWEVLEEVPPPVFPLRLGGLPGLGTWLQRALPAAQSGALLLALPPSSPQAARRKAAALRAGAWRPALLASLAAAAAPVPGLGWACDVALLRGQLAEWRRSLGLEPTAVARRERALGLAPGVLAARTRFPGPVTRAEVEARLGSWAGEGTAGGAALGALSFLWPAGGAAATGGLGYRAAHGVLLQALDEMLADAEAVLGPPEPNQ","F",1,1416,36,"M.arvalis","Irgq",3,"Irgq.3"
